Network,s,t,p,k,E_dk_mean,E_dk_sd
Zachary,34,1,0.05,1,3.865,1.905410794
Zachary,34,1,0.05,2,1.28,1.696773267
Zachary,34,1,0.05,3,0.2815,0.817062755
Zachary,34,1,0.05,4,0.0535,0.347416319
Zachary,34,1,0.05,5,0.012,0.175702691
Zachary,34,1,0.05,6,0.0035,0.086553427
Zachary,34,1,0.05,7,0,0
Zachary,34,1,0.05,8,0,0
Zachary,34,1,0.05,9,0,0
Zachary,34,1,0.05,10,0,0
Zachary,34,1,0.05,11,0,0
Zachary,34,1,0.05,12,0,0
Zachary,34,1,0.05,13,0,0
Zachary,34,1,0.05,14,0,0
Zachary,34,1,0.05,15,0,0
Zachary,34,1,0.05,16,0,0
Zachary,34,1,0.05,17,0,0
Zachary,34,1,0.05,18,0,0
Zachary,34,1,0.05,19,0,0
Zachary,34,1,0.05,20,0,0
Zachary,34,1,0.05,21,0,0
Zachary,34,1,0.05,22,0,0
Zachary,34,1,0.05,23,0,0
Zachary,34,1,0.05,24,0,0
Zachary,34,1,0.05,25,0,0
Zachary,34,1,0.05,26,0,0
Zachary,34,1,0.05,27,0,0
Zachary,34,1,0.05,28,0,0
Zachary,34,1,0.05,29,0,0
Zachary,34,1,0.05,30,0,0
Zachary,34,1,0.05,31,0,0
Zachary,34,1,0.05,32,0,0
Zachary,34,1,0.05,33,0,0
Zachary,34,1,0.2,1,15.669,3.630430968
Zachary,34,1,0.2,2,19.908,9.876452205
Zachary,34,1,0.2,3,14.234,10.71417943
Zachary,34,1,0.2,4,10.2155,10.87281789
Zachary,34,1,0.2,5,5.489,7.858164822
Zachary,34,1,0.2,6,2.813,5.366416888
Zachary,34,1,0.2,7,1.213,3.439119767
Zachary,34,1,0.2,8,0.499,2.209624452
Zachary,34,1,0.2,9,0.1575,1.085948153
Zachary,34,1,0.2,10,0.044,0.461704002
Zachary,34,1,0.2,11,0.0105,0.193412653
Zachary,34,1,0.2,12,0.002,0.070700065
Zachary,34,1,0.2,13,0,0
Zachary,34,1,0.2,14,0,0
Zachary,34,1,0.2,15,0,0
Zachary,34,1,0.2,16,0,0
Zachary,34,1,0.2,17,0,0
Zachary,34,1,0.2,18,0,0
Zachary,34,1,0.2,19,0,0
Zachary,34,1,0.2,20,0,0
Zachary,34,1,0.2,21,0,0
Zachary,34,1,0.2,22,0,0
Zachary,34,1,0.2,23,0,0
Zachary,34,1,0.2,24,0,0
Zachary,34,1,0.2,25,0,0
Zachary,34,1,0.2,26,0,0
Zachary,34,1,0.2,27,0,0
Zachary,34,1,0.2,28,0,0
Zachary,34,1,0.2,29,0,0
Zachary,34,1,0.2,30,0,0
Zachary,34,1,0.2,31,0,0
Zachary,34,1,0.2,32,0,0
Zachary,34,1,0.2,33,0,0
Zachary,34,1,0.4,1,31.2255,4.275955057
Zachary,34,1,0.4,2,70.3015,19.23599775
Zachary,34,1,0.4,3,68.742,23.29099979
Zachary,34,1,0.4,4,61.768,24.03256037
Zachary,34,1,0.4,5,36.3435,17.59188008
Zachary,34,1,0.4,6,18.627,14.66094617
Zachary,34,1,0.4,7,8.0995,10.35829363
Zachary,34,1,0.4,8,3.063,6.17074307
Zachary,34,1,0.4,9,0.9775,3.00341539
Zachary,34,1,0.4,10,0.3,1.579001781
Zachary,34,1,0.4,11,0.0945,0.882019688
Zachary,34,1,0.4,12,0.032,0.44393078
Zachary,34,1,0.4,13,0.01,0.181428934
Zachary,34,1,0.4,14,0.0025,0.080603961
Zachary,34,1,0.4,15,5.00E-04,0.02236068
Zachary,34,1,0.4,16,0,0
Zachary,34,1,0.4,17,0,0
Zachary,34,1,0.4,18,0,0
Zachary,34,1,0.4,19,0,0
Zachary,34,1,0.4,20,0,0
Zachary,34,1,0.4,21,0,0
Zachary,34,1,0.4,22,0,0
Zachary,34,1,0.4,23,0,0
Zachary,34,1,0.4,24,0,0
Zachary,34,1,0.4,25,0,0
Zachary,34,1,0.4,26,0,0
Zachary,34,1,0.4,27,0,0
Zachary,34,1,0.4,28,0,0
Zachary,34,1,0.4,29,0,0
Zachary,34,1,0.4,30,0,0
Zachary,34,1,0.4,31,0,0
Zachary,34,1,0.4,32,0,0
Zachary,34,1,0.4,33,0,0
Zachary,34,1,0.5,1,38.865,4.512089813
Zachary,34,1,0.5,2,101.731,22.85112089
Zachary,34,1,0.5,3,98.866,24.6531526
Zachary,34,1,0.5,4,85.562,23.58341037
Zachary,34,1,0.5,5,41.4225,17.61638903
Zachary,34,1,0.5,6,16.485,14.07127483
Zachary,34,1,0.5,7,5.496,8.750729777
Zachary,34,1,0.5,8,1.7075,4.859295229
Zachary,34,1,0.5,9,0.5185,2.429528566
Zachary,34,1,0.5,10,0.1215,0.813061058
Zachary,34,1,0.5,11,0.0285,0.284126933
Zachary,34,1,0.5,12,0.0015,0.038710454
Zachary,34,1,0.5,13,0,0
Zachary,34,1,0.5,14,0,0
Zachary,34,1,0.5,15,0,0
Zachary,34,1,0.5,16,0,0
Zachary,34,1,0.5,17,0,0
Zachary,34,1,0.5,18,0,0
Zachary,34,1,0.5,19,0,0
Zachary,34,1,0.5,20,0,0
Zachary,34,1,0.5,21,0,0
Zachary,34,1,0.5,22,0,0
Zachary,34,1,0.5,23,0,0
Zachary,34,1,0.5,24,0,0
Zachary,34,1,0.5,25,0,0
Zachary,34,1,0.5,26,0,0
Zachary,34,1,0.5,27,0,0
Zachary,34,1,0.5,28,0,0
Zachary,34,1,0.5,29,0,0
Zachary,34,1,0.5,30,0,0
Zachary,34,1,0.5,31,0,0
Zachary,34,1,0.5,32,0,0
Zachary,34,1,0.5,33,0,0
Zachary,34,1,0.6,1,46.9645,4.373305689
Zachary,34,1,0.6,2,137.8475,23.20511759
Zachary,34,1,0.6,3,126.5305,21.94627279
Zachary,34,1,0.6,4,98.8785,20.30605589
Zachary,34,1,0.6,5,38.159,17.48506742
Zachary,34,1,0.6,6,11.1855,11.57346371
Zachary,34,1,0.6,7,2.7655,5.650440114
Zachary,34,1,0.6,8,0.548,2.481083208
Zachary,34,1,0.6,9,0.099,0.914120784
Zachary,34,1,0.6,10,0.016,0.307882113
Zachary,34,1,0.6,11,0.001,0.04472136
Zachary,34,1,0.6,12,0,0
Zachary,34,1,0.6,13,0,0
Zachary,34,1,0.6,14,0,0
Zachary,34,1,0.6,15,0,0
Zachary,34,1,0.6,16,0,0
Zachary,34,1,0.6,17,0,0
Zachary,34,1,0.6,18,0,0
Zachary,34,1,0.6,19,0,0
Zachary,34,1,0.6,20,0,0
Zachary,34,1,0.6,21,0,0
Zachary,34,1,0.6,22,0,0
Zachary,34,1,0.6,23,0,0
Zachary,34,1,0.6,24,0,0
Zachary,34,1,0.6,25,0,0
Zachary,34,1,0.6,26,0,0
Zachary,34,1,0.6,27,0,0
Zachary,34,1,0.6,28,0,0
Zachary,34,1,0.6,29,0,0
Zachary,34,1,0.6,30,0,0
Zachary,34,1,0.6,31,0,0
Zachary,34,1,0.6,32,0,0
Zachary,34,1,0.6,33,0,0
Zachary,34,1,0.8,1,62.4735,3.544796262
Zachary,34,1,0.8,2,206.136,20.06548818
Zachary,34,1,0.8,3,150.4,15.83389896
Zachary,34,1,0.8,4,93.4435,14.51075769
Zachary,34,1,0.8,5,21.1655,10.49257627
Zachary,34,1,0.8,6,2.497,4.586884646
Zachary,34,1,0.8,7,0.261,1.337076246
Zachary,34,1,0.8,8,0.022,0.278486584
Zachary,34,1,0.8,9,0.001,0.031614866
Zachary,34,1,0.8,10,0,0
Zachary,34,1,0.8,11,0,0
Zachary,34,1,0.8,12,0,0
Zachary,34,1,0.8,13,0,0
Zachary,34,1,0.8,14,0,0
Zachary,34,1,0.8,15,0,0
Zachary,34,1,0.8,16,0,0
Zachary,34,1,0.8,17,0,0
Zachary,34,1,0.8,18,0,0
Zachary,34,1,0.8,19,0,0
Zachary,34,1,0.8,20,0,0
Zachary,34,1,0.8,21,0,0
Zachary,34,1,0.8,22,0,0
Zachary,34,1,0.8,23,0,0
Zachary,34,1,0.8,24,0,0
Zachary,34,1,0.8,25,0,0
Zachary,34,1,0.8,26,0,0
Zachary,34,1,0.8,27,0,0
Zachary,34,1,0.8,28,0,0
Zachary,34,1,0.8,29,0,0
Zachary,34,1,0.8,30,0,0
Zachary,34,1,0.8,31,0,0
Zachary,34,1,0.8,32,0,0
Zachary,34,1,0.8,33,0,0
Zachary,34,1,0.95,1,74.1165,1.914356323
Zachary,34,1,0.95,2,251.9005,10.21012846
Zachary,34,1,0.95,3,143.376,8.328043117
Zachary,34,1,0.95,4,77.902,6.849222724
Zachary,34,1,0.95,5,10.8265,4.609123535
Zachary,34,1,0.95,6,0.189,0.852433177
Zachary,34,1,0.95,7,5.00E-04,0.02236068
Zachary,34,1,0.95,8,0,0
Zachary,34,1,0.95,9,0,0
Zachary,34,1,0.95,10,0,0
Zachary,34,1,0.95,11,0,0
Zachary,34,1,0.95,12,0,0
Zachary,34,1,0.95,13,0,0
Zachary,34,1,0.95,14,0,0
Zachary,34,1,0.95,15,0,0
Zachary,34,1,0.95,16,0,0
Zachary,34,1,0.95,17,0,0
Zachary,34,1,0.95,18,0,0
Zachary,34,1,0.95,19,0,0
Zachary,34,1,0.95,20,0,0
Zachary,34,1,0.95,21,0,0
Zachary,34,1,0.95,22,0,0
Zachary,34,1,0.95,23,0,0
Zachary,34,1,0.95,24,0,0
Zachary,34,1,0.95,25,0,0
Zachary,34,1,0.95,26,0,0
Zachary,34,1,0.95,27,0,0
Zachary,34,1,0.95,28,0,0
Zachary,34,1,0.95,29,0,0
Zachary,34,1,0.95,30,0,0
Zachary,34,1,0.95,31,0,0
Zachary,34,1,0.95,32,0,0
Zachary,34,1,0.95,33,0,0
Erdos-Renyi,30,28,0.05,1,3.865,1.905410794
Erdos-Renyi,30,28,0.05,2,0.883,1.260200402
Erdos-Renyi,30,28,0.05,3,0.1895,0.614636998
Erdos-Renyi,30,28,0.05,4,0.0345,0.230946787
Erdos-Renyi,30,28,0.05,5,0.003,0.063190161
Erdos-Renyi,30,28,0.05,6,5.00E-04,0.02236068
Erdos-Renyi,30,28,0.05,7,0,0
Erdos-Renyi,30,28,0.05,8,0,0
Erdos-Renyi,30,28,0.05,9,0,0
Erdos-Renyi,30,28,0.05,10,0,0
Erdos-Renyi,30,28,0.05,11,0,0
Erdos-Renyi,30,28,0.05,12,0,0
Erdos-Renyi,30,28,0.05,13,0,0
Erdos-Renyi,30,28,0.05,14,0,0
Erdos-Renyi,30,28,0.05,15,0,0
Erdos-Renyi,30,28,0.05,16,0,0
Erdos-Renyi,30,28,0.05,17,0,0
Erdos-Renyi,30,28,0.05,18,0,0
Erdos-Renyi,30,28,0.05,19,0,0
Erdos-Renyi,30,28,0.05,20,0,0
Erdos-Renyi,30,28,0.05,21,0,0
Erdos-Renyi,30,28,0.05,22,0,0
Erdos-Renyi,30,28,0.05,23,0,0
Erdos-Renyi,30,28,0.05,24,0,0
Erdos-Renyi,30,28,0.05,25,0,0
Erdos-Renyi,30,28,0.05,26,0,0
Erdos-Renyi,30,28,0.05,27,0,0
Erdos-Renyi,30,28,0.05,28,0,0
Erdos-Renyi,30,28,0.05,29,0,0
Erdos-Renyi,30,28,0.05,30,0,0
Erdos-Renyi,30,28,0.05,31,0,0
Erdos-Renyi,30,28,0.05,32,0,0
Erdos-Renyi,30,28,0.05,33,0,0
Erdos-Renyi,30,28,0.2,1,15.669,3.630430968
Erdos-Renyi,30,28,0.2,2,13.815,6.962974688
Erdos-Renyi,30,28,0.2,3,10.8335,8.785976009
Erdos-Renyi,30,28,0.2,4,7.308,8.308769694
Erdos-Renyi,30,28,0.2,5,4.5085,6.844658679
Erdos-Renyi,30,28,0.2,6,2.517,4.906194694
Erdos-Renyi,30,28,0.2,7,1.2845,3.367971402
Erdos-Renyi,30,28,0.2,8,0.598,2.163038457
Erdos-Renyi,30,28,0.2,9,0.246,1.247903294
Erdos-Renyi,30,28,0.2,10,0.096,0.737601537
Erdos-Renyi,30,28,0.2,11,0.031,0.337781065
Erdos-Renyi,30,28,0.2,12,0.012,0.186744308
Erdos-Renyi,30,28,0.2,13,0.0035,0.086553427
Erdos-Renyi,30,28,0.2,14,5.00E-04,0.02236068
Erdos-Renyi,30,28,0.2,15,0,0
Erdos-Renyi,30,28,0.2,16,0,0
Erdos-Renyi,30,28,0.2,17,0,0
Erdos-Renyi,30,28,0.2,18,0,0
Erdos-Renyi,30,28,0.2,19,0,0
Erdos-Renyi,30,28,0.2,20,0,0
Erdos-Renyi,30,28,0.2,21,0,0
Erdos-Renyi,30,28,0.2,22,0,0
Erdos-Renyi,30,28,0.2,23,0,0
Erdos-Renyi,30,28,0.2,24,0,0
Erdos-Renyi,30,28,0.2,25,0,0
Erdos-Renyi,30,28,0.2,26,0,0
Erdos-Renyi,30,28,0.2,27,0,0
Erdos-Renyi,30,28,0.2,28,0,0
Erdos-Renyi,30,28,0.2,29,0,0
Erdos-Renyi,30,28,0.2,30,0,0
Erdos-Renyi,30,28,0.2,31,0,0
Erdos-Renyi,30,28,0.2,32,0,0
Erdos-Renyi,30,28,0.2,33,0,0
Erdos-Renyi,30,28,0.4,1,31.2255,4.275955057
Erdos-Renyi,30,28,0.4,2,51.1485,14.43754373
Erdos-Renyi,30,28,0.4,3,65.89,24.81632174
Erdos-Renyi,30,28,0.4,4,63.016,25.43356399
Erdos-Renyi,30,28,0.4,5,47.8825,20.32469533
Erdos-Renyi,30,28,0.4,6,30.615,15.77114896
Erdos-Renyi,30,28,0.4,7,17.3125,12.52055214
Erdos-Renyi,30,28,0.4,8,9.122,9.565190141
Erdos-Renyi,30,28,0.4,9,4.5,6.72834566
Erdos-Renyi,30,28,0.4,10,2.102,4.450336925
Erdos-Renyi,30,28,0.4,11,0.936,2.758932738
Erdos-Renyi,30,28,0.4,12,0.3915,1.690460463
Erdos-Renyi,30,28,0.4,13,0.157,0.96582473
Erdos-Renyi,30,28,0.4,14,0.0695,0.607333662
Erdos-Renyi,30,28,0.4,15,0.0315,0.38416343
Erdos-Renyi,30,28,0.4,16,0.0105,0.210741443
Erdos-Renyi,30,28,0.4,17,0.0035,0.097429442
Erdos-Renyi,30,28,0.4,18,0.0015,0.049989994
Erdos-Renyi,30,28,0.4,19,5.00E-04,0.02236068
Erdos-Renyi,30,28,0.4,20,0,0
Erdos-Renyi,30,28,0.4,21,0,0
Erdos-Renyi,30,28,0.4,22,0,0
Erdos-Renyi,30,28,0.4,23,0,0
Erdos-Renyi,30,28,0.4,24,0,0
Erdos-Renyi,30,28,0.4,25,0,0
Erdos-Renyi,30,28,0.4,26,0,0
Erdos-Renyi,30,28,0.4,27,0,0
Erdos-Renyi,30,28,0.4,28,0,0
Erdos-Renyi,30,28,0.4,29,0,0
Erdos-Renyi,30,28,0.4,30,0,0
Erdos-Renyi,30,28,0.4,31,0,0
Erdos-Renyi,30,28,0.4,32,0,0
Erdos-Renyi,30,28,0.4,33,0,0
Erdos-Renyi,30,28,0.5,1,38.865,4.512089813
Erdos-Renyi,30,28,0.5,2,76.9995,17.90901634
Erdos-Renyi,30,28,0.5,3,108.32,29.92900721
Erdos-Renyi,30,28,0.5,4,97.4775,23.36329205
Erdos-Renyi,30,28,0.5,5,62.716,18.10727149
Erdos-Renyi,30,28,0.5,6,32.629,16.84340254
Erdos-Renyi,30,28,0.5,7,15.031,13.16608187
Erdos-Renyi,30,28,0.5,8,6.3325,8.69924032
Erdos-Renyi,30,28,0.5,9,2.525,5.39869873
Erdos-Renyi,30,28,0.5,10,0.98,3.233083113
Erdos-Renyi,30,28,0.5,11,0.3805,1.919260673
Erdos-Renyi,30,28,0.5,12,0.1455,1.120248735
Erdos-Renyi,30,28,0.5,13,0.057,0.672292339
Erdos-Renyi,30,28,0.5,14,0.02,0.36560475
Erdos-Renyi,30,28,0.5,15,0.007,0.154799811
Erdos-Renyi,30,28,0.5,16,5.00E-04,0.02236068
Erdos-Renyi,30,28,0.5,17,0,0
Erdos-Renyi,30,28,0.5,18,0,0
Erdos-Renyi,30,28,0.5,19,0,0
Erdos-Renyi,30,28,0.5,20,0,0
Erdos-Renyi,30,28,0.5,21,0,0
Erdos-Renyi,30,28,0.5,22,0,0
Erdos-Renyi,30,28,0.5,23,0,0
Erdos-Renyi,30,28,0.5,24,0,0
Erdos-Renyi,30,28,0.5,25,0,0
Erdos-Renyi,30,28,0.5,26,0,0
Erdos-Renyi,30,28,0.5,27,0,0
Erdos-Renyi,30,28,0.5,28,0,0
Erdos-Renyi,30,28,0.5,29,0,0
Erdos-Renyi,30,28,0.5,30,0,0
Erdos-Renyi,30,28,0.5,31,0,0
Erdos-Renyi,30,28,0.5,32,0,0
Erdos-Renyi,30,28,0.5,33,0,0
Erdos-Renyi,30,28,0.6,1,46.9645,4.373305689
Erdos-Renyi,30,28,0.6,2,107.5155,18.84795433
Erdos-Renyi,30,28,0.6,3,153.776,27.86474558
Erdos-Renyi,30,28,0.6,4,117.349,18.01242412
Erdos-Renyi,30,28,0.6,5,55.1635,19.81128495
Erdos-Renyi,30,28,0.6,6,19.5595,14.5809383
Erdos-Renyi,30,28,0.6,7,5.896,8.221738411
Erdos-Renyi,30,28,0.6,8,1.7005,4.242263329
Erdos-Renyi,30,28,0.6,9,0.4815,2.187018353
Erdos-Renyi,30,28,0.6,10,0.141,1.134796405
Erdos-Renyi,30,28,0.6,11,0.03,0.390097537
Erdos-Renyi,30,28,0.6,12,0.0035,0.080566715
Erdos-Renyi,30,28,0.6,13,0,0
Erdos-Renyi,30,28,0.6,14,0,0
Erdos-Renyi,30,28,0.6,15,0,0
Erdos-Renyi,30,28,0.6,16,0,0
Erdos-Renyi,30,28,0.6,17,0,0
Erdos-Renyi,30,28,0.6,18,0,0
Erdos-Renyi,30,28,0.6,19,0,0
Erdos-Renyi,30,28,0.6,20,0,0
Erdos-Renyi,30,28,0.6,21,0,0
Erdos-Renyi,30,28,0.6,22,0,0
Erdos-Renyi,30,28,0.6,23,0,0
Erdos-Renyi,30,28,0.6,24,0,0
Erdos-Renyi,30,28,0.6,25,0,0
Erdos-Renyi,30,28,0.6,26,0,0
Erdos-Renyi,30,28,0.6,27,0,0
Erdos-Renyi,30,28,0.6,28,0,0
Erdos-Renyi,30,28,0.6,29,0,0
Erdos-Renyi,30,28,0.6,30,0,0
Erdos-Renyi,30,28,0.6,31,0,0
Erdos-Renyi,30,28,0.6,32,0,0
Erdos-Renyi,30,28,0.6,33,0,0
Erdos-Renyi,30,28,0.8,1,62.4735,3.544796262
Erdos-Renyi,30,28,0.8,2,172.5505,17.08113967
Erdos-Renyi,30,28,0.8,3,216.1645,15.19502827
Erdos-Renyi,30,28,0.8,4,87.2675,19.08546754
Erdos-Renyi,30,28,0.8,5,14.304,11.30417959
Erdos-Renyi,30,28,0.8,6,1.69,3.596855388
Erdos-Renyi,30,28,0.8,7,0.1485,0.903247296
Erdos-Renyi,30,28,0.8,8,0.0105,0.174370159
Erdos-Renyi,30,28,0.8,9,5.00E-04,0.02236068
Erdos-Renyi,30,28,0.8,10,0,0
Erdos-Renyi,30,28,0.8,11,0,0
Erdos-Renyi,30,28,0.8,12,0,0
Erdos-Renyi,30,28,0.8,13,0,0
Erdos-Renyi,30,28,0.8,14,0,0
Erdos-Renyi,30,28,0.8,15,0,0
Erdos-Renyi,30,28,0.8,16,0,0
Erdos-Renyi,30,28,0.8,17,0,0
Erdos-Renyi,30,28,0.8,18,0,0
Erdos-Renyi,30,28,0.8,19,0,0
Erdos-Renyi,30,28,0.8,20,0,0
Erdos-Renyi,30,28,0.8,21,0,0
Erdos-Renyi,30,28,0.8,22,0,0
Erdos-Renyi,30,28,0.8,23,0,0
Erdos-Renyi,30,28,0.8,24,0,0
Erdos-Renyi,30,28,0.8,25,0,0
Erdos-Renyi,30,28,0.8,26,0,0
Erdos-Renyi,30,28,0.8,27,0,0
Erdos-Renyi,30,28,0.8,28,0,0
Erdos-Renyi,30,28,0.8,29,0,0
Erdos-Renyi,30,28,0.8,30,0,0
Erdos-Renyi,30,28,0.8,31,0,0
Erdos-Renyi,30,28,0.8,32,0,0
Erdos-Renyi,30,28,0.8,33,0,0
Erdos-Renyi,30,28,0.95,1,74.1165,1.914356323
Erdos-Renyi,30,28,0.95,2,223.842,9.57025762
Erdos-Renyi,30,28,0.95,3,224.55,6.645794406
Erdos-Renyi,30,28,0.95,4,37.446,10.22141491
Erdos-Renyi,30,28,0.95,5,0.799,1.91740377
Erdos-Renyi,30,28,0.95,6,0.0155,0.241430931
Erdos-Renyi,30,28,0.95,7,0,0
Erdos-Renyi,30,28,0.95,8,0,0
Erdos-Renyi,30,28,0.95,9,0,0
Erdos-Renyi,30,28,0.95,10,0,0
Erdos-Renyi,30,28,0.95,11,0,0
Erdos-Renyi,30,28,0.95,12,0,0
Erdos-Renyi,30,28,0.95,13,0,0
Erdos-Renyi,30,28,0.95,14,0,0
Erdos-Renyi,30,28,0.95,15,0,0
Erdos-Renyi,30,28,0.95,16,0,0
Erdos-Renyi,30,28,0.95,17,0,0
Erdos-Renyi,30,28,0.95,18,0,0
Erdos-Renyi,30,28,0.95,19,0,0
Erdos-Renyi,30,28,0.95,20,0,0
Erdos-Renyi,30,28,0.95,21,0,0
Erdos-Renyi,30,28,0.95,22,0,0
Erdos-Renyi,30,28,0.95,23,0,0
Erdos-Renyi,30,28,0.95,24,0,0
Erdos-Renyi,30,28,0.95,25,0,0
Erdos-Renyi,30,28,0.95,26,0,0
Erdos-Renyi,30,28,0.95,27,0,0
Erdos-Renyi,30,28,0.95,28,0,0
Erdos-Renyi,30,28,0.95,29,0,0
Erdos-Renyi,30,28,0.95,30,0,0
Erdos-Renyi,30,28,0.95,31,0,0
Erdos-Renyi,30,28,0.95,32,0,0
Erdos-Renyi,30,28,0.95,33,0,0
Barabasi-Albert,4,2,0.05,1,3.214,1.76968073
Barabasi-Albert,4,2,0.05,2,0.76,1.219895107
Barabasi-Albert,4,2,0.05,3,0.134,0.523623042
Barabasi-Albert,4,2,0.05,4,0.025,0.210706428
Barabasi-Albert,4,2,0.05,5,0.0035,0.074097876
Barabasi-Albert,4,2,0.05,6,0,0
Barabasi-Albert,4,2,0.05,7,0,0
Barabasi-Albert,4,2,0.05,8,0,0
Barabasi-Albert,4,2,0.05,9,0,0
Barabasi-Albert,4,2,0.05,10,0,0
Barabasi-Albert,4,2,0.05,11,0,0
Barabasi-Albert,4,2,0.05,12,0,0
Barabasi-Albert,4,2,0.05,13,0,0
Barabasi-Albert,4,2,0.05,14,0,0
Barabasi-Albert,4,2,0.05,15,0,0
Barabasi-Albert,4,2,0.05,16,0,0
Barabasi-Albert,4,2,0.05,17,0,0
Barabasi-Albert,4,2,0.05,18,0,0
Barabasi-Albert,4,2,0.05,19,0,0
Barabasi-Albert,4,2,0.05,20,0,0
Barabasi-Albert,4,2,0.05,21,0,0
Barabasi-Albert,4,2,0.05,22,0,0
Barabasi-Albert,4,2,0.05,23,0,0
Barabasi-Albert,4,2,0.05,24,0,0
Barabasi-Albert,4,2,0.05,25,0,0
Barabasi-Albert,4,2,0.05,26,0,0
Barabasi-Albert,4,2,0.05,27,0,0
Barabasi-Albert,4,2,0.05,28,0,0
Barabasi-Albert,4,2,0.05,29,0,0
Barabasi-Albert,4,2,0.05,30,0,0
Barabasi-Albert,4,2,0.05,31,0,0
Barabasi-Albert,4,2,0.05,32,0,0
Barabasi-Albert,4,2,0.05,33,0,0
Barabasi-Albert,4,2,0.2,1,13.0445,3.306204053
Barabasi-Albert,4,2,0.2,2,12.642,7.377808077
Barabasi-Albert,4,2,0.2,3,8.5905,8.380687783
Barabasi-Albert,4,2,0.2,4,5.294,7.311244159
Barabasi-Albert,4,2,0.2,5,2.911,5.424554534
Barabasi-Albert,4,2,0.2,6,1.46,3.682007413
Barabasi-Albert,4,2,0.2,7,0.5975,1.969627748
Barabasi-Albert,4,2,0.2,8,0.2315,1.143486568
Barabasi-Albert,4,2,0.2,9,0.073,0.599875758
Barabasi-Albert,4,2,0.2,10,0.0225,0.350792357
Barabasi-Albert,4,2,0.2,11,0.007,0.186998621
Barabasi-Albert,4,2,0.2,12,0.0015,0.049989994
Barabasi-Albert,4,2,0.2,13,0,0
Barabasi-Albert,4,2,0.2,14,0,0
Barabasi-Albert,4,2,0.2,15,0,0
Barabasi-Albert,4,2,0.2,16,0,0
Barabasi-Albert,4,2,0.2,17,0,0
Barabasi-Albert,4,2,0.2,18,0,0
Barabasi-Albert,4,2,0.2,19,0,0
Barabasi-Albert,4,2,0.2,20,0,0
Barabasi-Albert,4,2,0.2,21,0,0
Barabasi-Albert,4,2,0.2,22,0,0
Barabasi-Albert,4,2,0.2,23,0,0
Barabasi-Albert,4,2,0.2,24,0,0
Barabasi-Albert,4,2,0.2,25,0,0
Barabasi-Albert,4,2,0.2,26,0,0
Barabasi-Albert,4,2,0.2,27,0,0
Barabasi-Albert,4,2,0.2,28,0,0
Barabasi-Albert,4,2,0.2,29,0,0
Barabasi-Albert,4,2,0.2,30,0,0
Barabasi-Albert,4,2,0.2,31,0,0
Barabasi-Albert,4,2,0.2,32,0,0
Barabasi-Albert,4,2,0.2,33,0,0
Barabasi-Albert,4,2,0.4,1,25.986,3.885402447
Barabasi-Albert,4,2,0.4,2,47.2195,14.97920252
Barabasi-Albert,4,2,0.4,3,53.252,23.20454096
Barabasi-Albert,4,2,0.4,4,46.3205,22.93145668
Barabasi-Albert,4,2,0.4,5,30.6275,17.26284295
Barabasi-Albert,4,2,0.4,6,16.984,12.91825006
Barabasi-Albert,4,2,0.4,7,8.1845,9.332470587
Barabasi-Albert,4,2,0.4,8,3.653,6.216744724
Barabasi-Albert,4,2,0.4,9,1.5205,3.839133916
Barabasi-Albert,4,2,0.4,10,0.539,2.114406384
Barabasi-Albert,4,2,0.4,11,0.1845,1.179048272
Barabasi-Albert,4,2,0.4,12,0.0515,0.585678461
Barabasi-Albert,4,2,0.4,13,0.018,0.320511098
Barabasi-Albert,4,2,0.4,14,0.004,0.08359123
Barabasi-Albert,4,2,0.4,15,0,0
Barabasi-Albert,4,2,0.4,16,0,0
Barabasi-Albert,4,2,0.4,17,0,0
Barabasi-Albert,4,2,0.4,18,0,0
Barabasi-Albert,4,2,0.4,19,0,0
Barabasi-Albert,4,2,0.4,20,0,0
Barabasi-Albert,4,2,0.4,21,0,0
Barabasi-Albert,4,2,0.4,22,0,0
Barabasi-Albert,4,2,0.4,23,0,0
Barabasi-Albert,4,2,0.4,24,0,0
Barabasi-Albert,4,2,0.4,25,0,0
Barabasi-Albert,4,2,0.4,26,0,0
Barabasi-Albert,4,2,0.4,27,0,0
Barabasi-Albert,4,2,0.4,28,0,0
Barabasi-Albert,4,2,0.4,29,0,0
Barabasi-Albert,4,2,0.4,30,0,0
Barabasi-Albert,4,2,0.4,31,0,0
Barabasi-Albert,4,2,0.4,32,0,0
Barabasi-Albert,4,2,0.4,33,0,0
Barabasi-Albert,4,2,0.5,1,32.4395,4.207872722
Barabasi-Albert,4,2,0.5,2,71.113,18.52406007
Barabasi-Albert,4,2,0.5,3,89.6065,28.96416958
Barabasi-Albert,4,2,0.5,4,76.571,24.07888817
Barabasi-Albert,4,2,0.5,5,44.9465,18.09434554
Barabasi-Albert,4,2,0.5,6,21.387,14.89406417
Barabasi-Albert,4,2,0.5,7,9.194,10.876466
Barabasi-Albert,4,2,0.5,8,3.697,7.01197368
Barabasi-Albert,4,2,0.5,9,1.4465,4.17850065
Barabasi-Albert,4,2,0.5,10,0.516,2.315475051
Barabasi-Albert,4,2,0.5,11,0.1595,1.083811364
Barabasi-Albert,4,2,0.5,12,0.0355,0.386412224
Barabasi-Albert,4,2,0.5,13,0.005,0.109457711
Barabasi-Albert,4,2,0.5,14,5.00E-04,0.02236068
Barabasi-Albert,4,2,0.5,15,0,0
Barabasi-Albert,4,2,0.5,16,0,0
Barabasi-Albert,4,2,0.5,17,0,0
Barabasi-Albert,4,2,0.5,18,0,0
Barabasi-Albert,4,2,0.5,19,0,0
Barabasi-Albert,4,2,0.5,20,0,0
Barabasi-Albert,4,2,0.5,21,0,0
Barabasi-Albert,4,2,0.5,22,0,0
Barabasi-Albert,4,2,0.5,23,0,0
Barabasi-Albert,4,2,0.5,24,0,0
Barabasi-Albert,4,2,0.5,25,0,0
Barabasi-Albert,4,2,0.5,26,0,0
Barabasi-Albert,4,2,0.5,27,0,0
Barabasi-Albert,4,2,0.5,28,0,0
Barabasi-Albert,4,2,0.5,29,0,0
Barabasi-Albert,4,2,0.5,30,0,0
Barabasi-Albert,4,2,0.5,31,0,0
Barabasi-Albert,4,2,0.5,32,0,0
Barabasi-Albert,4,2,0.5,33,0,0
Barabasi-Albert,4,2,0.6,1,38.998,3.958260971
Barabasi-Albert,4,2,0.6,2,98.9735,19.92325942
Barabasi-Albert,4,2,0.6,3,129.7865,29.49274197
Barabasi-Albert,4,2,0.6,4,99.1545,21.64187642
Barabasi-Albert,4,2,0.6,5,45.796,19.4970883
Barabasi-Albert,4,2,0.6,6,16.054,13.8913487
Barabasi-Albert,4,2,0.6,7,4.7745,7.683760136
Barabasi-Albert,4,2,0.6,8,1.256,3.682831197
Barabasi-Albert,4,2,0.6,9,0.3245,1.79159277
Barabasi-Albert,4,2,0.6,10,0.083,1.003301703
Barabasi-Albert,4,2,0.6,11,0.0195,0.36357371
Barabasi-Albert,4,2,0.6,12,0.005,0.161207922
Barabasi-Albert,4,2,0.6,13,0.0015,0.067082039
Barabasi-Albert,4,2,0.6,14,0,0
Barabasi-Albert,4,2,0.6,15,0,0
Barabasi-Albert,4,2,0.6,16,0,0
Barabasi-Albert,4,2,0.6,17,0,0
Barabasi-Albert,4,2,0.6,18,0,0
Barabasi-Albert,4,2,0.6,19,0,0
Barabasi-Albert,4,2,0.6,20,0,0
Barabasi-Albert,4,2,0.6,21,0,0
Barabasi-Albert,4,2,0.6,22,0,0
Barabasi-Albert,4,2,0.6,23,0,0
Barabasi-Albert,4,2,0.6,24,0,0
Barabasi-Albert,4,2,0.6,25,0,0
Barabasi-Albert,4,2,0.6,26,0,0
Barabasi-Albert,4,2,0.6,27,0,0
Barabasi-Albert,4,2,0.6,28,0,0
Barabasi-Albert,4,2,0.6,29,0,0
Barabasi-Albert,4,2,0.6,30,0,0
Barabasi-Albert,4,2,0.6,31,0,0
Barabasi-Albert,4,2,0.6,32,0,0
Barabasi-Albert,4,2,0.6,33,0,0
Barabasi-Albert,4,2,0.8,1,52.068,3.323386593
Barabasi-Albert,4,2,0.8,2,162.6075,18.6005224
Barabasi-Albert,4,2,0.8,3,203.4235,20.0043804
Barabasi-Albert,4,2,0.8,4,95.1135,19.22910547
Barabasi-Albert,4,2,0.8,5,18.1225,13.01484486
Barabasi-Albert,4,2,0.8,6,2.208,4.249089712
Barabasi-Albert,4,2,0.8,7,0.2005,1.062480203
Barabasi-Albert,4,2,0.8,8,0.019,0.271432934
Barabasi-Albert,4,2,0.8,9,0.0025,0.092184592
Barabasi-Albert,4,2,0.8,10,0,0
Barabasi-Albert,4,2,0.8,11,0,0
Barabasi-Albert,4,2,0.8,12,0,0
Barabasi-Albert,4,2,0.8,13,0,0
Barabasi-Albert,4,2,0.8,14,0,0
Barabasi-Albert,4,2,0.8,15,0,0
Barabasi-Albert,4,2,0.8,16,0,0
Barabasi-Albert,4,2,0.8,17,0,0
Barabasi-Albert,4,2,0.8,18,0,0
Barabasi-Albert,4,2,0.8,19,0,0
Barabasi-Albert,4,2,0.8,20,0,0
Barabasi-Albert,4,2,0.8,21,0,0
Barabasi-Albert,4,2,0.8,22,0,0
Barabasi-Albert,4,2,0.8,23,0,0
Barabasi-Albert,4,2,0.8,24,0,0
Barabasi-Albert,4,2,0.8,25,0,0
Barabasi-Albert,4,2,0.8,26,0,0
Barabasi-Albert,4,2,0.8,27,0,0
Barabasi-Albert,4,2,0.8,28,0,0
Barabasi-Albert,4,2,0.8,29,0,0
Barabasi-Albert,4,2,0.8,30,0,0
Barabasi-Albert,4,2,0.8,31,0,0
Barabasi-Albert,4,2,0.8,32,0,0
Barabasi-Albert,4,2,0.8,33,0,0
Barabasi-Albert,4,2,0.95,1,61.7525,1.709299448
Barabasi-Albert,4,2,0.95,2,213.6795,10.19959782
Barabasi-Albert,4,2,0.95,3,232.4505,6.859816199
Barabasi-Albert,4,2,0.95,4,50.193,12.13900444
Barabasi-Albert,4,2,0.95,5,1.8035,3.069299277
Barabasi-Albert,4,2,0.95,6,0.0345,0.381290495
Barabasi-Albert,4,2,0.95,7,0.0015,0.038710454
Barabasi-Albert,4,2,0.95,8,0,0
Barabasi-Albert,4,2,0.95,9,0,0
Barabasi-Albert,4,2,0.95,10,0,0
Barabasi-Albert,4,2,0.95,11,0,0
Barabasi-Albert,4,2,0.95,12,0,0
Barabasi-Albert,4,2,0.95,13,0,0
Barabasi-Albert,4,2,0.95,14,0,0
Barabasi-Albert,4,2,0.95,15,0,0
Barabasi-Albert,4,2,0.95,16,0,0
Barabasi-Albert,4,2,0.95,17,0,0
Barabasi-Albert,4,2,0.95,18,0,0
Barabasi-Albert,4,2,0.95,19,0,0
Barabasi-Albert,4,2,0.95,20,0,0
Barabasi-Albert,4,2,0.95,21,0,0
Barabasi-Albert,4,2,0.95,22,0,0
Barabasi-Albert,4,2,0.95,23,0,0
Barabasi-Albert,4,2,0.95,24,0,0
Barabasi-Albert,4,2,0.95,25,0,0
Barabasi-Albert,4,2,0.95,26,0,0
Barabasi-Albert,4,2,0.95,27,0,0
Barabasi-Albert,4,2,0.95,28,0,0
Barabasi-Albert,4,2,0.95,29,0,0
Barabasi-Albert,4,2,0.95,30,0,0
Barabasi-Albert,4,2,0.95,31,0,0
Barabasi-Albert,4,2,0.95,32,0,0
Barabasi-Albert,4,2,0.95,33,0,0
Watts-Strogatz,2,17,0.05,1,3.358,1.79400257
Watts-Strogatz,2,17,0.05,2,0.5115,0.866165614
Watts-Strogatz,2,17,0.05,3,0.0695,0.314195973
Watts-Strogatz,2,17,0.05,4,0.0085,0.10692739
Watts-Strogatz,2,17,0.05,5,0.0015,0.038710454
Watts-Strogatz,2,17,0.05,6,0,0
Watts-Strogatz,2,17,0.05,7,0,0
Watts-Strogatz,2,17,0.05,8,0,0
Watts-Strogatz,2,17,0.05,9,0,0
Watts-Strogatz,2,17,0.05,10,0,0
Watts-Strogatz,2,17,0.05,11,0,0
Watts-Strogatz,2,17,0.05,12,0,0
Watts-Strogatz,2,17,0.05,13,0,0
Watts-Strogatz,2,17,0.05,14,0,0
Watts-Strogatz,2,17,0.05,15,0,0
Watts-Strogatz,2,17,0.05,16,0,0
Watts-Strogatz,2,17,0.05,17,0,0
Watts-Strogatz,2,17,0.05,18,0,0
Watts-Strogatz,2,17,0.05,19,0,0
Watts-Strogatz,2,17,0.05,20,0,0
Watts-Strogatz,2,17,0.05,21,0,0
Watts-Strogatz,2,17,0.05,22,0,0
Watts-Strogatz,2,17,0.05,23,0,0
Watts-Strogatz,2,17,0.05,24,0,0
Watts-Strogatz,2,17,0.05,25,0,0
Watts-Strogatz,2,17,0.05,26,0,0
Watts-Strogatz,2,17,0.05,27,0,0
Watts-Strogatz,2,17,0.05,28,0,0
Watts-Strogatz,2,17,0.05,29,0,0
Watts-Strogatz,2,17,0.05,30,0,0
Watts-Strogatz,2,17,0.05,31,0,0
Watts-Strogatz,2,17,0.05,32,0,0
Watts-Strogatz,2,17,0.05,33,0,0
Watts-Strogatz,2,17,0.2,1,13.653,3.374801571
Watts-Strogatz,2,17,0.2,2,7.6335,4.134697766
Watts-Strogatz,2,17,0.2,3,3.7495,3.594608512
Watts-Strogatz,2,17,0.2,4,1.8145,2.88049273
Watts-Strogatz,2,17,0.2,5,0.882,2.113837779
Watts-Strogatz,2,17,0.2,6,0.4135,1.459308926
Watts-Strogatz,2,17,0.2,7,0.184,0.976535105
Watts-Strogatz,2,17,0.2,8,0.0855,0.693130554
Watts-Strogatz,2,17,0.2,9,0.0395,0.45170983
Watts-Strogatz,2,17,0.2,10,0.0205,0.313255191
Watts-Strogatz,2,17,0.2,11,0.0095,0.224577308
Watts-Strogatz,2,17,0.2,12,0.0035,0.102435328
Watts-Strogatz,2,17,0.2,13,5.00E-04,0.02236068
Watts-Strogatz,2,17,0.2,14,0,0
Watts-Strogatz,2,17,0.2,15,0,0
Watts-Strogatz,2,17,0.2,16,0,0
Watts-Strogatz,2,17,0.2,17,0,0
Watts-Strogatz,2,17,0.2,18,0,0
Watts-Strogatz,2,17,0.2,19,0,0
Watts-Strogatz,2,17,0.2,20,0,0
Watts-Strogatz,2,17,0.2,21,0,0
Watts-Strogatz,2,17,0.2,22,0,0
Watts-Strogatz,2,17,0.2,23,0,0
Watts-Strogatz,2,17,0.2,24,0,0
Watts-Strogatz,2,17,0.2,25,0,0
Watts-Strogatz,2,17,0.2,26,0,0
Watts-Strogatz,2,17,0.2,27,0,0
Watts-Strogatz,2,17,0.2,28,0,0
Watts-Strogatz,2,17,0.2,29,0,0
Watts-Strogatz,2,17,0.2,30,0,0
Watts-Strogatz,2,17,0.2,31,0,0
Watts-Strogatz,2,17,0.2,32,0,0
Watts-Strogatz,2,17,0.2,33,0,0
Watts-Strogatz,2,17,0.4,1,27.237,3.99008664
Watts-Strogatz,2,17,0.4,2,27.432,7.96335881
Watts-Strogatz,2,17,0.4,3,24.2125,11.00126619
Watts-Strogatz,2,17,0.4,4,20.8555,13.17028276
Watts-Strogatz,2,17,0.4,5,17.229,13.79596765
Watts-Strogatz,2,17,0.4,6,13.524,13.11500765
Watts-Strogatz,2,17,0.4,7,10.1325,11.56723148
Watts-Strogatz,2,17,0.4,8,7.305,9.73757594
Watts-Strogatz,2,17,0.4,9,5.0495,7.931361989
Watts-Strogatz,2,17,0.4,10,3.4135,6.358359231
Watts-Strogatz,2,17,0.4,11,2.1995,4.898642475
Watts-Strogatz,2,17,0.4,12,1.366,3.689559652
Watts-Strogatz,2,17,0.4,13,0.7745,2.635739614
Watts-Strogatz,2,17,0.4,14,0.435,1.875242189
Watts-Strogatz,2,17,0.4,15,0.2395,1.264491684
Watts-Strogatz,2,17,0.4,16,0.119,0.810658734
Watts-Strogatz,2,17,0.4,17,0.0535,0.488627802
Watts-Strogatz,2,17,0.4,18,0.019,0.265846454
Watts-Strogatz,2,17,0.4,19,0.0055,0.124408556
Watts-Strogatz,2,17,0.4,20,0.0025,0.074138372
Watts-Strogatz,2,17,0.4,21,5.00E-04,0.02236068
Watts-Strogatz,2,17,0.4,22,0,0
Watts-Strogatz,2,17,0.4,23,0,0
Watts-Strogatz,2,17,0.4,24,0,0
Watts-Strogatz,2,17,0.4,25,0,0
Watts-Strogatz,2,17,0.4,26,0,0
Watts-Strogatz,2,17,0.4,27,0,0
Watts-Strogatz,2,17,0.4,28,0,0
Watts-Strogatz,2,17,0.4,29,0,0
Watts-Strogatz,2,17,0.4,30,0,0
Watts-Strogatz,2,17,0.4,31,0,0
Watts-Strogatz,2,17,0.4,32,0,0
Watts-Strogatz,2,17,0.4,33,0,0
Watts-Strogatz,2,17,0.5,1,33.8675,4.11830353
Watts-Strogatz,2,17,0.5,2,39.6045,9.178246012
Watts-Strogatz,2,17,0.5,3,40.3945,14.55605747
Watts-Strogatz,2,17,0.5,4,39.824,19.12092647
Watts-Strogatz,2,17,0.5,5,36.7795,21.07773743
Watts-Strogatz,2,17,0.5,6,31.029,20.03544031
Watts-Strogatz,2,17,0.5,7,24.493,17.6630672
Watts-Strogatz,2,17,0.5,8,18.3195,14.82104083
Watts-Strogatz,2,17,0.5,9,12.983,12.13615895
Watts-Strogatz,2,17,0.5,10,8.8285,9.980525697
Watts-Strogatz,2,17,0.5,11,5.7875,7.962351617
Watts-Strogatz,2,17,0.5,12,3.5795,6.134614617
Watts-Strogatz,2,17,0.5,13,2.1565,4.584377385
Watts-Strogatz,2,17,0.5,14,1.265,3.396990546
Watts-Strogatz,2,17,0.5,15,0.7255,2.4706683
Watts-Strogatz,2,17,0.5,16,0.404,1.758217752
Watts-Strogatz,2,17,0.5,17,0.215,1.223324675
Watts-Strogatz,2,17,0.5,18,0.1075,0.779260787
Watts-Strogatz,2,17,0.5,19,0.0535,0.527045196
Watts-Strogatz,2,17,0.5,20,0.0225,0.328706212
Watts-Strogatz,2,17,0.5,21,0.0085,0.185593568
Watts-Strogatz,2,17,0.5,22,0.0025,0.080603961
Watts-Strogatz,2,17,0.5,23,5.00E-04,0.02236068
Watts-Strogatz,2,17,0.5,24,0,0
Watts-Strogatz,2,17,0.5,25,0,0
Watts-Strogatz,2,17,0.5,26,0,0
Watts-Strogatz,2,17,0.5,27,0,0
Watts-Strogatz,2,17,0.5,28,0,0
Watts-Strogatz,2,17,0.5,29,0,0
Watts-Strogatz,2,17,0.5,30,0,0
Watts-Strogatz,2,17,0.5,31,0,0
Watts-Strogatz,2,17,0.5,32,0,0
Watts-Strogatz,2,17,0.5,33,0,0
Watts-Strogatz,2,17,0.6,1,40.8375,4.07570846
Watts-Strogatz,2,17,0.6,2,53.3215,9.443766733
Watts-Strogatz,2,17,0.6,3,60.865,16.62774837
Watts-Strogatz,2,17,0.6,4,65.8805,22.49347012
Watts-Strogatz,2,17,0.6,5,63.225,22.97891186
Watts-Strogatz,2,17,0.6,6,52.897,19.75711423
Watts-Strogatz,2,17,0.6,7,39.9685,16.25972623
Watts-Strogatz,2,17,0.6,8,28.3935,14.33193497
Watts-Strogatz,2,17,0.6,9,19.1325,12.95402822
Watts-Strogatz,2,17,0.6,10,12.212,11.09380874
Watts-Strogatz,2,17,0.6,11,7.5755,9.04711141
Watts-Strogatz,2,17,0.6,12,4.4995,7.069581971
Watts-Strogatz,2,17,0.6,13,2.595,5.30415328
Watts-Strogatz,2,17,0.6,14,1.4435,3.782718894
Watts-Strogatz,2,17,0.6,15,0.7645,2.60065789
Watts-Strogatz,2,17,0.6,16,0.385,1.707405229
Watts-Strogatz,2,17,0.6,17,0.2145,1.232172421
Watts-Strogatz,2,17,0.6,18,0.1235,0.911407199
Watts-Strogatz,2,17,0.6,19,0.0605,0.622923564
Watts-Strogatz,2,17,0.6,20,0.029,0.429244832
Watts-Strogatz,2,17,0.6,21,0.0155,0.32451873
Watts-Strogatz,2,17,0.6,22,0.009,0.234406641
Watts-Strogatz,2,17,0.6,23,0.006,0.176009914
Watts-Strogatz,2,17,0.6,24,0.002,0.070700065
Watts-Strogatz,2,17,0.6,25,0,0
Watts-Strogatz,2,17,0.6,26,0,0
Watts-Strogatz,2,17,0.6,27,0,0
Watts-Strogatz,2,17,0.6,28,0,0
Watts-Strogatz,2,17,0.6,29,0,0
Watts-Strogatz,2,17,0.6,30,0,0
Watts-Strogatz,2,17,0.6,31,0,0
Watts-Strogatz,2,17,0.6,32,0,0
Watts-Strogatz,2,17,0.6,33,0,0
Watts-Strogatz,2,17,0.8,1,54.391,3.261968611
Watts-Strogatz,2,17,0.8,2,79.9555,8.091678279
Watts-Strogatz,2,17,0.8,3,103.798,15.90599561
Watts-Strogatz,2,17,0.8,4,118.8365,19.28903318
Watts-Strogatz,2,17,0.8,5,98.7235,12.60597093
Watts-Strogatz,2,17,0.8,6,57.6625,14.58547091
Watts-Strogatz,2,17,0.8,7,26.712,15.23598121
Watts-Strogatz,2,17,0.8,8,10.2675,11.92447233
Watts-Strogatz,2,17,0.8,9,3.8605,7.740607098
Watts-Strogatz,2,17,0.8,10,1.45,4.58410373
Watts-Strogatz,2,17,0.8,11,0.557,2.675692558
Watts-Strogatz,2,17,0.8,12,0.2445,1.819168612
Watts-Strogatz,2,17,0.8,13,0.115,1.190161015
Watts-Strogatz,2,17,0.8,14,0.057,0.772689799
Watts-Strogatz,2,17,0.8,15,0.0225,0.426713947
Watts-Strogatz,2,17,0.8,16,0.01,0.30487124
Watts-Strogatz,2,17,0.8,17,0.0045,0.180266464
Watts-Strogatz,2,17,0.8,18,0.001,0.04472136
Watts-Strogatz,2,17,0.8,19,0,0
Watts-Strogatz,2,17,0.8,20,0,0
Watts-Strogatz,2,17,0.8,21,0,0
Watts-Strogatz,2,17,0.8,22,0,0
Watts-Strogatz,2,17,0.8,23,0,0
Watts-Strogatz,2,17,0.8,24,0,0
Watts-Strogatz,2,17,0.8,25,0,0
Watts-Strogatz,2,17,0.8,26,0,0
Watts-Strogatz,2,17,0.8,27,0,0
Watts-Strogatz,2,17,0.8,28,0,0
Watts-Strogatz,2,17,0.8,29,0,0
Watts-Strogatz,2,17,0.8,30,0,0
Watts-Strogatz,2,17,0.8,31,0,0
Watts-Strogatz,2,17,0.8,32,0,0
Watts-Strogatz,2,17,0.8,33,0,0
Watts-Strogatz,2,17,0.95,1,64.614,1.744283596
Watts-Strogatz,2,17,0.95,2,97.156,4.397195887
Watts-Strogatz,2,17,0.95,3,133.3905,9.194633238
Watts-Strogatz,2,17,0.95,4,146.527,8.20377486
Watts-Strogatz,2,17,0.95,5,84.475,8.901797346
Watts-Strogatz,2,17,0.95,6,29.7755,8.31346237
Watts-Strogatz,2,17,0.95,7,4.698,5.645416846
Watts-Strogatz,2,17,0.95,8,0.282,1.749001287
Watts-Strogatz,2,17,0.95,9,0.043,0.591883572
Watts-Strogatz,2,17,0.95,10,0.006,0.187033395
Watts-Strogatz,2,17,0.95,11,0,0
Watts-Strogatz,2,17,0.95,12,0,0
Watts-Strogatz,2,17,0.95,13,0,0
Watts-Strogatz,2,17,0.95,14,0,0
Watts-Strogatz,2,17,0.95,15,0,0
Watts-Strogatz,2,17,0.95,16,0,0
Watts-Strogatz,2,17,0.95,17,0,0
Watts-Strogatz,2,17,0.95,18,0,0
Watts-Strogatz,2,17,0.95,19,0,0
Watts-Strogatz,2,17,0.95,20,0,0
Watts-Strogatz,2,17,0.95,21,0,0
Watts-Strogatz,2,17,0.95,22,0,0
Watts-Strogatz,2,17,0.95,23,0,0
Watts-Strogatz,2,17,0.95,24,0,0
Watts-Strogatz,2,17,0.95,25,0,0
Watts-Strogatz,2,17,0.95,26,0,0
Watts-Strogatz,2,17,0.95,27,0,0
Watts-Strogatz,2,17,0.95,28,0,0
Watts-Strogatz,2,17,0.95,29,0,0
Watts-Strogatz,2,17,0.95,30,0,0
Watts-Strogatz,2,17,0.95,31,0,0
Watts-Strogatz,2,17,0.95,32,0,0
Watts-Strogatz,2,17,0.95,33,0,0
IEEE-14-Bus,4,2,0.05,1,0.981,0.968043157
IEEE-14-Bus,4,2,0.05,2,0.111,0.393390872
IEEE-14-Bus,4,2,0.05,3,0.0095,0.106843145
IEEE-14-Bus,4,2,0.05,4,5.00E-04,0.02236068
IEEE-14-Bus,4,2,0.05,5,0,0
IEEE-14-Bus,4,2,0.05,6,0,0
IEEE-14-Bus,4,2,0.05,7,0,0
IEEE-14-Bus,4,2,0.05,8,0,0
IEEE-14-Bus,4,2,0.05,9,0,0
IEEE-14-Bus,4,2,0.05,10,0,0
IEEE-14-Bus,4,2,0.05,11,0,0
IEEE-14-Bus,4,2,0.05,12,0,0
IEEE-14-Bus,4,2,0.05,13,0,0
IEEE-14-Bus,4,2,0.2,1,4.026,1.785474155
IEEE-14-Bus,4,2,0.2,2,1.7315,1.860144569
IEEE-14-Bus,4,2,0.2,3,0.63,1.271970501
IEEE-14-Bus,4,2,0.2,4,0.1955,0.734540349
IEEE-14-Bus,4,2,0.2,5,0.053,0.370485667
IEEE-14-Bus,4,2,0.2,6,0.0145,0.174083033
IEEE-14-Bus,4,2,0.2,7,0.0025,0.059122735
IEEE-14-Bus,4,2,0.2,8,0,0
IEEE-14-Bus,4,2,0.2,9,0,0
IEEE-14-Bus,4,2,0.2,10,0,0
IEEE-14-Bus,4,2,0.2,11,0,0
IEEE-14-Bus,4,2,0.2,12,0,0
IEEE-14-Bus,4,2,0.2,13,0,0
IEEE-14-Bus,4,2,0.4,1,8.012,2.245523812
IEEE-14-Bus,4,2,0.4,2,6.372,3.734111379
IEEE-14-Bus,4,2,0.4,3,4.244,4.027228984
IEEE-14-Bus,4,2,0.4,4,2.3215,3.112713003
IEEE-14-Bus,4,2,0.4,5,1.0945,2.032642509
IEEE-14-Bus,4,2,0.4,6,0.446,1.240908509
IEEE-14-Bus,4,2,0.4,7,0.161,0.721345389
IEEE-14-Bus,4,2,0.4,8,0.048,0.367101323
IEEE-14-Bus,4,2,0.4,9,0.016,0.178213018
IEEE-14-Bus,4,2,0.4,10,0.002,0.054749418
IEEE-14-Bus,4,2,0.4,11,0,0
IEEE-14-Bus,4,2,0.4,12,0,0
IEEE-14-Bus,4,2,0.4,13,0,0
IEEE-14-Bus,4,2,0.5,1,9.968,2.229453124
IEEE-14-Bus,4,2,0.5,2,9.369,4.253102802
IEEE-14-Bus,4,2,0.5,3,7.314,5.23126056
IEEE-14-Bus,4,2,0.5,4,4.6455,4.394597364
IEEE-14-Bus,4,2,0.5,5,2.4755,3.150930645
IEEE-14-Bus,4,2,0.5,6,1.139,2.086829276
IEEE-14-Bus,4,2,0.5,7,0.4765,1.263822129
IEEE-14-Bus,4,2,0.5,8,0.1575,0.636314543
IEEE-14-Bus,4,2,0.5,9,0.038,0.295972634
IEEE-14-Bus,4,2,0.5,10,0.0065,0.091989026
IEEE-14-Bus,4,2,0.5,11,0,0
IEEE-14-Bus,4,2,0.5,12,0,0
IEEE-14-Bus,4,2,0.5,13,0,0
IEEE-14-Bus,4,2,0.6,1,11.9605,2.176995499
IEEE-14-Bus,4,2,0.6,2,12.9545,4.66050318
IEEE-14-Bus,4,2,0.6,3,11.6305,6.381405089
IEEE-14-Bus,4,2,0.6,4,7.748,5.240632415
IEEE-14-Bus,4,2,0.6,5,4.1095,3.744131276
IEEE-14-Bus,4,2,0.6,6,1.9035,2.601647946
IEEE-14-Bus,4,2,0.6,7,0.7935,1.647183765
IEEE-14-Bus,4,2,0.6,8,0.271,0.860772598
IEEE-14-Bus,4,2,0.6,9,0.0625,0.376383557
IEEE-14-Bus,4,2,0.6,10,0.013,0.151137094
IEEE-14-Bus,4,2,0.6,11,0.002,0.044687789
IEEE-14-Bus,4,2,0.6,12,0,0
IEEE-14-Bus,4,2,0.6,13,0,0
IEEE-14-Bus,4,2,0.8,1,16.0525,1.752506602
IEEE-14-Bus,4,2,0.8,2,20.8645,4.335728199
IEEE-14-Bus,4,2,0.8,3,21.8605,6.044858138
IEEE-14-Bus,4,2,0.8,4,13.3695,4.031016534
IEEE-14-Bus,4,2,0.8,5,5.694,3.722135294
IEEE-14-Bus,4,2,0.8,6,2.137,2.752638645
IEEE-14-Bus,4,2,0.8,7,0.771,1.683738842
IEEE-14-Bus,4,2,0.8,8,0.2265,0.833393678
IEEE-14-Bus,4,2,0.8,9,0.049,0.338609404
IEEE-14-Bus,4,2,0.8,10,0.0075,0.115976184
IEEE-14-Bus,4,2,0.8,11,5.00E-04,0.02236068
IEEE-14-Bus,4,2,0.8,12,0,0
IEEE-14-Bus,4,2,0.8,13,0,0
IEEE-14-Bus,4,2,0.95,1,19.032,0.975936589
IEEE-14-Bus,4,2,0.95,2,26.976,2.537448191
IEEE-14-Bus,4,2,0.95,3,29.011,3.173943282
IEEE-14-Bus,4,2,0.95,4,12.072,2.621116389
IEEE-14-Bus,4,2,0.95,5,2.5365,2.584183963
IEEE-14-Bus,4,2,0.95,6,0.386,1.238051043
IEEE-14-Bus,4,2,0.95,7,0.0745,0.561344194
IEEE-14-Bus,4,2,0.95,8,0.013,0.157617961
IEEE-14-Bus,4,2,0.95,9,5.00E-04,0.02236068
IEEE-14-Bus,4,2,0.95,10,0,0
IEEE-14-Bus,4,2,0.95,11,0,0
IEEE-14-Bus,4,2,0.95,12,0,0
IEEE-14-Bus,4,2,0.95,13,0,0
IEEE-118-Bus,49,100,0.05,1,8.915,2.891877673
IEEE-118-Bus,49,100,0.05,2,1.2605,1.381880801
IEEE-118-Bus,49,100,0.05,3,0.159,0.483565836
IEEE-118-Bus,49,100,0.05,4,0.014,0.14076188
IEEE-118-Bus,49,100,0.05,5,0.0015,0.038710454
IEEE-118-Bus,49,100,0.05,6,0,0
IEEE-118-Bus,49,100,0.05,7,0,0
IEEE-118-Bus,49,100,0.05,8,0,0
IEEE-118-Bus,49,100,0.05,9,0,0
IEEE-118-Bus,49,100,0.05,10,0,0
IEEE-118-Bus,49,100,0.05,11,0,0
IEEE-118-Bus,49,100,0.05,12,0,0
IEEE-118-Bus,49,100,0.05,13,0,0
IEEE-118-Bus,49,100,0.05,14,0,0
IEEE-118-Bus,49,100,0.05,15,0,0
IEEE-118-Bus,49,100,0.05,16,0,0
IEEE-118-Bus,49,100,0.05,17,0,0
IEEE-118-Bus,49,100,0.05,18,0,0
IEEE-118-Bus,49,100,0.05,19,0,0
IEEE-118-Bus,49,100,0.05,20,0,0
IEEE-118-Bus,49,100,0.05,21,0,0
IEEE-118-Bus,49,100,0.05,22,0,0
IEEE-118-Bus,49,100,0.05,23,0,0
IEEE-118-Bus,49,100,0.05,24,0,0
IEEE-118-Bus,49,100,0.05,25,0,0
IEEE-118-Bus,49,100,0.05,26,0,0
IEEE-118-Bus,49,100,0.05,27,0,0
IEEE-118-Bus,49,100,0.05,28,0,0
IEEE-118-Bus,49,100,0.05,29,0,0
IEEE-118-Bus,49,100,0.05,30,0,0
IEEE-118-Bus,49,100,0.05,31,0,0
IEEE-118-Bus,49,100,0.05,32,0,0
IEEE-118-Bus,49,100,0.05,33,0,0
IEEE-118-Bus,49,100,0.05,34,0,0
IEEE-118-Bus,49,100,0.05,35,0,0
IEEE-118-Bus,49,100,0.05,36,0,0
IEEE-118-Bus,49,100,0.05,37,0,0
IEEE-118-Bus,49,100,0.05,38,0,0
IEEE-118-Bus,49,100,0.05,39,0,0
IEEE-118-Bus,49,100,0.05,40,0,0
IEEE-118-Bus,49,100,0.05,41,0,0
IEEE-118-Bus,49,100,0.05,42,0,0
IEEE-118-Bus,49,100,0.05,43,0,0
IEEE-118-Bus,49,100,0.05,44,0,0
IEEE-118-Bus,49,100,0.05,45,0,0
IEEE-118-Bus,49,100,0.05,46,0,0
IEEE-118-Bus,49,100,0.05,47,0,0
IEEE-118-Bus,49,100,0.05,48,0,0
IEEE-118-Bus,49,100,0.05,49,0,0
IEEE-118-Bus,49,100,0.05,50,0,0
IEEE-118-Bus,49,100,0.05,51,0,0
IEEE-118-Bus,49,100,0.05,52,0,0
IEEE-118-Bus,49,100,0.05,53,0,0
IEEE-118-Bus,49,100,0.05,54,0,0
IEEE-118-Bus,49,100,0.05,55,0,0
IEEE-118-Bus,49,100,0.05,56,0,0
IEEE-118-Bus,49,100,0.05,57,0,0
IEEE-118-Bus,49,100,0.05,58,0,0
IEEE-118-Bus,49,100,0.05,59,0,0
IEEE-118-Bus,49,100,0.05,60,0,0
IEEE-118-Bus,49,100,0.05,61,0,0
IEEE-118-Bus,49,100,0.05,62,0,0
IEEE-118-Bus,49,100,0.05,63,0,0
IEEE-118-Bus,49,100,0.05,64,0,0
IEEE-118-Bus,49,100,0.05,65,0,0
IEEE-118-Bus,49,100,0.05,66,0,0
IEEE-118-Bus,49,100,0.05,67,0,0
IEEE-118-Bus,49,100,0.05,68,0,0
IEEE-118-Bus,49,100,0.05,69,0,0
IEEE-118-Bus,49,100,0.05,70,0,0
IEEE-118-Bus,49,100,0.05,71,0,0
IEEE-118-Bus,49,100,0.05,72,0,0
IEEE-118-Bus,49,100,0.05,73,0,0
IEEE-118-Bus,49,100,0.05,74,0,0
IEEE-118-Bus,49,100,0.05,75,0,0
IEEE-118-Bus,49,100,0.05,76,0,0
IEEE-118-Bus,49,100,0.05,77,0,0
IEEE-118-Bus,49,100,0.05,78,0,0
IEEE-118-Bus,49,100,0.05,79,0,0
IEEE-118-Bus,49,100,0.05,80,0,0
IEEE-118-Bus,49,100,0.05,81,0,0
IEEE-118-Bus,49,100,0.05,82,0,0
IEEE-118-Bus,49,100,0.05,83,0,0
IEEE-118-Bus,49,100,0.05,84,0,0
IEEE-118-Bus,49,100,0.05,85,0,0
IEEE-118-Bus,49,100,0.05,86,0,0
IEEE-118-Bus,49,100,0.05,87,0,0
IEEE-118-Bus,49,100,0.05,88,0,0
IEEE-118-Bus,49,100,0.05,89,0,0
IEEE-118-Bus,49,100,0.05,90,0,0
IEEE-118-Bus,49,100,0.05,91,0,0
IEEE-118-Bus,49,100,0.05,92,0,0
IEEE-118-Bus,49,100,0.05,93,0,0
IEEE-118-Bus,49,100,0.05,94,0,0
IEEE-118-Bus,49,100,0.05,95,0,0
IEEE-118-Bus,49,100,0.05,96,0,0
IEEE-118-Bus,49,100,0.05,97,0,0
IEEE-118-Bus,49,100,0.05,98,0,0
IEEE-118-Bus,49,100,0.05,99,0,0
IEEE-118-Bus,49,100,0.05,100,0,0
IEEE-118-Bus,49,100,0.05,101,0,0
IEEE-118-Bus,49,100,0.05,102,0,0
IEEE-118-Bus,49,100,0.05,103,0,0
IEEE-118-Bus,49,100,0.05,104,0,0
IEEE-118-Bus,49,100,0.05,105,0,0
IEEE-118-Bus,49,100,0.05,106,0,0
IEEE-118-Bus,49,100,0.05,107,0,0
IEEE-118-Bus,49,100,0.05,108,0,0
IEEE-118-Bus,49,100,0.05,109,0,0
IEEE-118-Bus,49,100,0.05,110,0,0
IEEE-118-Bus,49,100,0.05,111,0,0
IEEE-118-Bus,49,100,0.05,112,0,0
IEEE-118-Bus,49,100,0.05,113,0,0
IEEE-118-Bus,49,100,0.05,114,0,0
IEEE-118-Bus,49,100,0.05,115,0,0
IEEE-118-Bus,49,100,0.05,116,0,0
IEEE-118-Bus,49,100,0.05,117,0,0
IEEE-118-Bus,49,100,0.2,1,35.5645,5.461204274
IEEE-118-Bus,49,100,0.2,2,19.249,7.248328644
IEEE-118-Bus,49,100,0.2,3,8.9585,6.222952701
IEEE-118-Bus,49,100,0.2,4,3.899,4.620765601
IEEE-118-Bus,49,100,0.2,5,1.63,3.084454073
IEEE-118-Bus,49,100,0.2,6,0.654,1.985763236
IEEE-118-Bus,49,100,0.2,7,0.2575,1.211167707
IEEE-118-Bus,49,100,0.2,8,0.0935,0.667817895
IEEE-118-Bus,49,100,0.2,9,0.0305,0.30268062
IEEE-118-Bus,49,100,0.2,10,0.0095,0.168594075
IEEE-118-Bus,49,100,0.2,11,0.001,0.04472136
IEEE-118-Bus,49,100,0.2,12,5.00E-04,0.02236068
IEEE-118-Bus,49,100,0.2,13,0,0
IEEE-118-Bus,49,100,0.2,14,0,0
IEEE-118-Bus,49,100,0.2,15,0,0
IEEE-118-Bus,49,100,0.2,16,0,0
IEEE-118-Bus,49,100,0.2,17,0,0
IEEE-118-Bus,49,100,0.2,18,0,0
IEEE-118-Bus,49,100,0.2,19,0,0
IEEE-118-Bus,49,100,0.2,20,0,0
IEEE-118-Bus,49,100,0.2,21,0,0
IEEE-118-Bus,49,100,0.2,22,0,0
IEEE-118-Bus,49,100,0.2,23,0,0
IEEE-118-Bus,49,100,0.2,24,0,0
IEEE-118-Bus,49,100,0.2,25,0,0
IEEE-118-Bus,49,100,0.2,26,0,0
IEEE-118-Bus,49,100,0.2,27,0,0
IEEE-118-Bus,49,100,0.2,28,0,0
IEEE-118-Bus,49,100,0.2,29,0,0
IEEE-118-Bus,49,100,0.2,30,0,0
IEEE-118-Bus,49,100,0.2,31,0,0
IEEE-118-Bus,49,100,0.2,32,0,0
IEEE-118-Bus,49,100,0.2,33,0,0
IEEE-118-Bus,49,100,0.2,34,0,0
IEEE-118-Bus,49,100,0.2,35,0,0
IEEE-118-Bus,49,100,0.2,36,0,0
IEEE-118-Bus,49,100,0.2,37,0,0
IEEE-118-Bus,49,100,0.2,38,0,0
IEEE-118-Bus,49,100,0.2,39,0,0
IEEE-118-Bus,49,100,0.2,40,0,0
IEEE-118-Bus,49,100,0.2,41,0,0
IEEE-118-Bus,49,100,0.2,42,0,0
IEEE-118-Bus,49,100,0.2,43,0,0
IEEE-118-Bus,49,100,0.2,44,0,0
IEEE-118-Bus,49,100,0.2,45,0,0
IEEE-118-Bus,49,100,0.2,46,0,0
IEEE-118-Bus,49,100,0.2,47,0,0
IEEE-118-Bus,49,100,0.2,48,0,0
IEEE-118-Bus,49,100,0.2,49,0,0
IEEE-118-Bus,49,100,0.2,50,0,0
IEEE-118-Bus,49,100,0.2,51,0,0
IEEE-118-Bus,49,100,0.2,52,0,0
IEEE-118-Bus,49,100,0.2,53,0,0
IEEE-118-Bus,49,100,0.2,54,0,0
IEEE-118-Bus,49,100,0.2,55,0,0
IEEE-118-Bus,49,100,0.2,56,0,0
IEEE-118-Bus,49,100,0.2,57,0,0
IEEE-118-Bus,49,100,0.2,58,0,0
IEEE-118-Bus,49,100,0.2,59,0,0
IEEE-118-Bus,49,100,0.2,60,0,0
IEEE-118-Bus,49,100,0.2,61,0,0
IEEE-118-Bus,49,100,0.2,62,0,0
IEEE-118-Bus,49,100,0.2,63,0,0
IEEE-118-Bus,49,100,0.2,64,0,0
IEEE-118-Bus,49,100,0.2,65,0,0
IEEE-118-Bus,49,100,0.2,66,0,0
IEEE-118-Bus,49,100,0.2,67,0,0
IEEE-118-Bus,49,100,0.2,68,0,0
IEEE-118-Bus,49,100,0.2,69,0,0
IEEE-118-Bus,49,100,0.2,70,0,0
IEEE-118-Bus,49,100,0.2,71,0,0
IEEE-118-Bus,49,100,0.2,72,0,0
IEEE-118-Bus,49,100,0.2,73,0,0
IEEE-118-Bus,49,100,0.2,74,0,0
IEEE-118-Bus,49,100,0.2,75,0,0
IEEE-118-Bus,49,100,0.2,76,0,0
IEEE-118-Bus,49,100,0.2,77,0,0
IEEE-118-Bus,49,100,0.2,78,0,0
IEEE-118-Bus,49,100,0.2,79,0,0
IEEE-118-Bus,49,100,0.2,80,0,0
IEEE-118-Bus,49,100,0.2,81,0,0
IEEE-118-Bus,49,100,0.2,82,0,0
IEEE-118-Bus,49,100,0.2,83,0,0
IEEE-118-Bus,49,100,0.2,84,0,0
IEEE-118-Bus,49,100,0.2,85,0,0
IEEE-118-Bus,49,100,0.2,86,0,0
IEEE-118-Bus,49,100,0.2,87,0,0
IEEE-118-Bus,49,100,0.2,88,0,0
IEEE-118-Bus,49,100,0.2,89,0,0
IEEE-118-Bus,49,100,0.2,90,0,0
IEEE-118-Bus,49,100,0.2,91,0,0
IEEE-118-Bus,49,100,0.2,92,0,0
IEEE-118-Bus,49,100,0.2,93,0,0
IEEE-118-Bus,49,100,0.2,94,0,0
IEEE-118-Bus,49,100,0.2,95,0,0
IEEE-118-Bus,49,100,0.2,96,0,0
IEEE-118-Bus,49,100,0.2,97,0,0
IEEE-118-Bus,49,100,0.2,98,0,0
IEEE-118-Bus,49,100,0.2,99,0,0
IEEE-118-Bus,49,100,0.2,100,0,0
IEEE-118-Bus,49,100,0.2,101,0,0
IEEE-118-Bus,49,100,0.2,102,0,0
IEEE-118-Bus,49,100,0.2,103,0,0
IEEE-118-Bus,49,100,0.2,104,0,0
IEEE-118-Bus,49,100,0.2,105,0,0
IEEE-118-Bus,49,100,0.2,106,0,0
IEEE-118-Bus,49,100,0.2,107,0,0
IEEE-118-Bus,49,100,0.2,108,0,0
IEEE-118-Bus,49,100,0.2,109,0,0
IEEE-118-Bus,49,100,0.2,110,0,0
IEEE-118-Bus,49,100,0.2,111,0,0
IEEE-118-Bus,49,100,0.2,112,0,0
IEEE-118-Bus,49,100,0.2,113,0,0
IEEE-118-Bus,49,100,0.2,114,0,0
IEEE-118-Bus,49,100,0.2,115,0,0
IEEE-118-Bus,49,100,0.2,116,0,0
IEEE-118-Bus,49,100,0.2,117,0,0
IEEE-118-Bus,49,100,0.4,1,71.506,6.635735113
IEEE-118-Bus,49,100,0.4,2,75.512,15.39465341
IEEE-118-Bus,49,100,0.4,3,67.891,22.67587301
IEEE-118-Bus,49,100,0.4,4,56.19,26.7980777
IEEE-118-Bus,49,100,0.4,5,44.0745,27.81040559
IEEE-118-Bus,49,100,0.4,6,32.8405,26.81474548
IEEE-118-Bus,49,100,0.4,7,24.0265,24.8074082
IEEE-118-Bus,49,100,0.4,8,17.303,22.64286953
IEEE-118-Bus,49,100,0.4,9,12.24,20.18878881
IEEE-118-Bus,49,100,0.4,10,8.5355,17.57552814
IEEE-118-Bus,49,100,0.4,11,5.889,15.08785938
IEEE-118-Bus,49,100,0.4,12,4.1005,12.8662026
IEEE-118-Bus,49,100,0.4,13,2.8315,10.46718151
IEEE-118-Bus,49,100,0.4,14,1.938,8.378678722
IEEE-118-Bus,49,100,0.4,15,1.3585,6.881908026
IEEE-118-Bus,49,100,0.4,16,0.89,5.272361795
IEEE-118-Bus,49,100,0.4,17,0.5785,4.073589918
IEEE-118-Bus,49,100,0.4,18,0.3645,3.205741434
IEEE-118-Bus,49,100,0.4,19,0.219,2.581931871
IEEE-118-Bus,49,100,0.4,20,0.104,1.850377245
IEEE-118-Bus,49,100,0.4,21,0.055,1.296076737
IEEE-118-Bus,49,100,0.4,22,0.027,0.824385107
IEEE-118-Bus,49,100,0.4,23,0.0175,0.590227019
IEEE-118-Bus,49,100,0.4,24,0.008,0.260710539
IEEE-118-Bus,49,100,0.4,25,0.002,0.089442719
IEEE-118-Bus,49,100,0.4,26,0,0
IEEE-118-Bus,49,100,0.4,27,0,0
IEEE-118-Bus,49,100,0.4,28,0,0
IEEE-118-Bus,49,100,0.4,29,0,0
IEEE-118-Bus,49,100,0.4,30,0,0
IEEE-118-Bus,49,100,0.4,31,0,0
IEEE-118-Bus,49,100,0.4,32,0,0
IEEE-118-Bus,49,100,0.4,33,0,0
IEEE-118-Bus,49,100,0.4,34,0,0
IEEE-118-Bus,49,100,0.4,35,0,0
IEEE-118-Bus,49,100,0.4,36,0,0
IEEE-118-Bus,49,100,0.4,37,0,0
IEEE-118-Bus,49,100,0.4,38,0,0
IEEE-118-Bus,49,100,0.4,39,0,0
IEEE-118-Bus,49,100,0.4,40,0,0
IEEE-118-Bus,49,100,0.4,41,0,0
IEEE-118-Bus,49,100,0.4,42,0,0
IEEE-118-Bus,49,100,0.4,43,0,0
IEEE-118-Bus,49,100,0.4,44,0,0
IEEE-118-Bus,49,100,0.4,45,0,0
IEEE-118-Bus,49,100,0.4,46,0,0
IEEE-118-Bus,49,100,0.4,47,0,0
IEEE-118-Bus,49,100,0.4,48,0,0
IEEE-118-Bus,49,100,0.4,49,0,0
IEEE-118-Bus,49,100,0.4,50,0,0
IEEE-118-Bus,49,100,0.4,51,0,0
IEEE-118-Bus,49,100,0.4,52,0,0
IEEE-118-Bus,49,100,0.4,53,0,0
IEEE-118-Bus,49,100,0.4,54,0,0
IEEE-118-Bus,49,100,0.4,55,0,0
IEEE-118-Bus,49,100,0.4,56,0,0
IEEE-118-Bus,49,100,0.4,57,0,0
IEEE-118-Bus,49,100,0.4,58,0,0
IEEE-118-Bus,49,100,0.4,59,0,0
IEEE-118-Bus,49,100,0.4,60,0,0
IEEE-118-Bus,49,100,0.4,61,0,0
IEEE-118-Bus,49,100,0.4,62,0,0
IEEE-118-Bus,49,100,0.4,63,0,0
IEEE-118-Bus,49,100,0.4,64,0,0
IEEE-118-Bus,49,100,0.4,65,0,0
IEEE-118-Bus,49,100,0.4,66,0,0
IEEE-118-Bus,49,100,0.4,67,0,0
IEEE-118-Bus,49,100,0.4,68,0,0
IEEE-118-Bus,49,100,0.4,69,0,0
IEEE-118-Bus,49,100,0.4,70,0,0
IEEE-118-Bus,49,100,0.4,71,0,0
IEEE-118-Bus,49,100,0.4,72,0,0
IEEE-118-Bus,49,100,0.4,73,0,0
IEEE-118-Bus,49,100,0.4,74,0,0
IEEE-118-Bus,49,100,0.4,75,0,0
IEEE-118-Bus,49,100,0.4,76,0,0
IEEE-118-Bus,49,100,0.4,77,0,0
IEEE-118-Bus,49,100,0.4,78,0,0
IEEE-118-Bus,49,100,0.4,79,0,0
IEEE-118-Bus,49,100,0.4,80,0,0
IEEE-118-Bus,49,100,0.4,81,0,0
IEEE-118-Bus,49,100,0.4,82,0,0
IEEE-118-Bus,49,100,0.4,83,0,0
IEEE-118-Bus,49,100,0.4,84,0,0
IEEE-118-Bus,49,100,0.4,85,0,0
IEEE-118-Bus,49,100,0.4,86,0,0
IEEE-118-Bus,49,100,0.4,87,0,0
IEEE-118-Bus,49,100,0.4,88,0,0
IEEE-118-Bus,49,100,0.4,89,0,0
IEEE-118-Bus,49,100,0.4,90,0,0
IEEE-118-Bus,49,100,0.4,91,0,0
IEEE-118-Bus,49,100,0.4,92,0,0
IEEE-118-Bus,49,100,0.4,93,0,0
IEEE-118-Bus,49,100,0.4,94,0,0
IEEE-118-Bus,49,100,0.4,95,0,0
IEEE-118-Bus,49,100,0.4,96,0,0
IEEE-118-Bus,49,100,0.4,97,0,0
IEEE-118-Bus,49,100,0.4,98,0,0
IEEE-118-Bus,49,100,0.4,99,0,0
IEEE-118-Bus,49,100,0.4,100,0,0
IEEE-118-Bus,49,100,0.4,101,0,0
IEEE-118-Bus,49,100,0.4,102,0,0
IEEE-118-Bus,49,100,0.4,103,0,0
IEEE-118-Bus,49,100,0.4,104,0,0
IEEE-118-Bus,49,100,0.4,105,0,0
IEEE-118-Bus,49,100,0.4,106,0,0
IEEE-118-Bus,49,100,0.4,107,0,0
IEEE-118-Bus,49,100,0.4,108,0,0
IEEE-118-Bus,49,100,0.4,109,0,0
IEEE-118-Bus,49,100,0.4,110,0,0
IEEE-118-Bus,49,100,0.4,111,0,0
IEEE-118-Bus,49,100,0.4,112,0,0
IEEE-118-Bus,49,100,0.4,113,0,0
IEEE-118-Bus,49,100,0.4,114,0,0
IEEE-118-Bus,49,100,0.4,115,0,0
IEEE-118-Bus,49,100,0.4,116,0,0
IEEE-118-Bus,49,100,0.4,117,0,0
IEEE-118-Bus,49,100,0.5,1,89.262,6.664800506
IEEE-118-Bus,49,100,0.5,2,115.1675,18.6849942
IEEE-118-Bus,49,100,0.5,3,123.8285,31.53217764
IEEE-118-Bus,49,100,0.5,4,120.8735,42.96565514
IEEE-118-Bus,49,100,0.5,5,110.266,50.41265676
IEEE-118-Bus,49,100,0.5,6,95.3995,54.31170021
IEEE-118-Bus,49,100,0.5,7,81.0545,56.27557196
IEEE-118-Bus,49,100,0.5,8,67.869,56.55418664
IEEE-118-Bus,49,100,0.5,9,55.7355,54.44554801
IEEE-118-Bus,49,100,0.5,10,45.178,50.57162308
IEEE-118-Bus,49,100,0.5,11,35.7755,45.87788672
IEEE-118-Bus,49,100,0.5,12,27.663,40.0560067
IEEE-118-Bus,49,100,0.5,13,21.083,34.52933895
IEEE-118-Bus,49,100,0.5,14,15.8075,29.31506661
IEEE-118-Bus,49,100,0.5,15,11.489,24.13257279
IEEE-118-Bus,49,100,0.5,16,8.3125,19.95600072
IEEE-118-Bus,49,100,0.5,17,5.992,16.6251356
IEEE-118-Bus,49,100,0.5,18,4.2035,13.32114162
IEEE-118-Bus,49,100,0.5,19,2.9485,10.91972838
IEEE-118-Bus,49,100,0.5,20,2.0175,8.647287525
IEEE-118-Bus,49,100,0.5,21,1.326,6.658219728
IEEE-118-Bus,49,100,0.5,22,0.8675,5.106758585
IEEE-118-Bus,49,100,0.5,23,0.5655,3.881525843
IEEE-118-Bus,49,100,0.5,24,0.3445,2.812965719
IEEE-118-Bus,49,100,0.5,25,0.214,2.002300828
IEEE-118-Bus,49,100,0.5,26,0.124,1.254755437
IEEE-118-Bus,49,100,0.5,27,0.0595,0.74849173
IEEE-118-Bus,49,100,0.5,28,0.0155,0.259409708
IEEE-118-Bus,49,100,0.5,29,0.003,0.070664678
IEEE-118-Bus,49,100,0.5,30,0,0
IEEE-118-Bus,49,100,0.5,31,0,0
IEEE-118-Bus,49,100,0.5,32,0,0
IEEE-118-Bus,49,100,0.5,33,0,0
IEEE-118-Bus,49,100,0.5,34,0,0
IEEE-118-Bus,49,100,0.5,35,0,0
IEEE-118-Bus,49,100,0.5,36,0,0
IEEE-118-Bus,49,100,0.5,37,0,0
IEEE-118-Bus,49,100,0.5,38,0,0
IEEE-118-Bus,49,100,0.5,39,0,0
IEEE-118-Bus,49,100,0.5,40,0,0
IEEE-118-Bus,49,100,0.5,41,0,0
IEEE-118-Bus,49,100,0.5,42,0,0
IEEE-118-Bus,49,100,0.5,43,0,0
IEEE-118-Bus,49,100,0.5,44,0,0
IEEE-118-Bus,49,100,0.5,45,0,0
IEEE-118-Bus,49,100,0.5,46,0,0
IEEE-118-Bus,49,100,0.5,47,0,0
IEEE-118-Bus,49,100,0.5,48,0,0
IEEE-118-Bus,49,100,0.5,49,0,0
IEEE-118-Bus,49,100,0.5,50,0,0
IEEE-118-Bus,49,100,0.5,51,0,0
IEEE-118-Bus,49,100,0.5,52,0,0
IEEE-118-Bus,49,100,0.5,53,0,0
IEEE-118-Bus,49,100,0.5,54,0,0
IEEE-118-Bus,49,100,0.5,55,0,0
IEEE-118-Bus,49,100,0.5,56,0,0
IEEE-118-Bus,49,100,0.5,57,0,0
IEEE-118-Bus,49,100,0.5,58,0,0
IEEE-118-Bus,49,100,0.5,59,0,0
IEEE-118-Bus,49,100,0.5,60,0,0
IEEE-118-Bus,49,100,0.5,61,0,0
IEEE-118-Bus,49,100,0.5,62,0,0
IEEE-118-Bus,49,100,0.5,63,0,0
IEEE-118-Bus,49,100,0.5,64,0,0
IEEE-118-Bus,49,100,0.5,65,0,0
IEEE-118-Bus,49,100,0.5,66,0,0
IEEE-118-Bus,49,100,0.5,67,0,0
IEEE-118-Bus,49,100,0.5,68,0,0
IEEE-118-Bus,49,100,0.5,69,0,0
IEEE-118-Bus,49,100,0.5,70,0,0
IEEE-118-Bus,49,100,0.5,71,0,0
IEEE-118-Bus,49,100,0.5,72,0,0
IEEE-118-Bus,49,100,0.5,73,0,0
IEEE-118-Bus,49,100,0.5,74,0,0
IEEE-118-Bus,49,100,0.5,75,0,0
IEEE-118-Bus,49,100,0.5,76,0,0
IEEE-118-Bus,49,100,0.5,77,0,0
IEEE-118-Bus,49,100,0.5,78,0,0
IEEE-118-Bus,49,100,0.5,79,0,0
IEEE-118-Bus,49,100,0.5,80,0,0
IEEE-118-Bus,49,100,0.5,81,0,0
IEEE-118-Bus,49,100,0.5,82,0,0
IEEE-118-Bus,49,100,0.5,83,0,0
IEEE-118-Bus,49,100,0.5,84,0,0
IEEE-118-Bus,49,100,0.5,85,0,0
IEEE-118-Bus,49,100,0.5,86,0,0
IEEE-118-Bus,49,100,0.5,87,0,0
IEEE-118-Bus,49,100,0.5,88,0,0
IEEE-118-Bus,49,100,0.5,89,0,0
IEEE-118-Bus,49,100,0.5,90,0,0
IEEE-118-Bus,49,100,0.5,91,0,0
IEEE-118-Bus,49,100,0.5,92,0,0
IEEE-118-Bus,49,100,0.5,93,0,0
IEEE-118-Bus,49,100,0.5,94,0,0
IEEE-118-Bus,49,100,0.5,95,0,0
IEEE-118-Bus,49,100,0.5,96,0,0
IEEE-118-Bus,49,100,0.5,97,0,0
IEEE-118-Bus,49,100,0.5,98,0,0
IEEE-118-Bus,49,100,0.5,99,0,0
IEEE-118-Bus,49,100,0.5,100,0,0
IEEE-118-Bus,49,100,0.5,101,0,0
IEEE-118-Bus,49,100,0.5,102,0,0
IEEE-118-Bus,49,100,0.5,103,0,0
IEEE-118-Bus,49,100,0.5,104,0,0
IEEE-118-Bus,49,100,0.5,105,0,0
IEEE-118-Bus,49,100,0.5,106,0,0
IEEE-118-Bus,49,100,0.5,107,0,0
IEEE-118-Bus,49,100,0.5,108,0,0
IEEE-118-Bus,49,100,0.5,109,0,0
IEEE-118-Bus,49,100,0.5,110,0,0
IEEE-118-Bus,49,100,0.5,111,0,0
IEEE-118-Bus,49,100,0.5,112,0,0
IEEE-118-Bus,49,100,0.5,113,0,0
IEEE-118-Bus,49,100,0.5,114,0,0
IEEE-118-Bus,49,100,0.5,115,0,0
IEEE-118-Bus,49,100,0.5,116,0,0
IEEE-118-Bus,49,100,0.5,117,0,0
IEEE-118-Bus,49,100,0.6,1,107.7345,6.530875586
IEEE-118-Bus,49,100,0.6,2,162.979,20.78375667
IEEE-118-Bus,49,100,0.6,3,201.4725,39.1345883
IEEE-118-Bus,49,100,0.6,4,221.2195,57.43085818
IEEE-118-Bus,49,100,0.6,5,226.0085,73.03905654
IEEE-118-Bus,49,100,0.6,6,218.395,84.65729977
IEEE-118-Bus,49,100,0.6,7,207.3565,94.95416555
IEEE-118-Bus,49,100,0.6,8,193.3805,102.2618329
IEEE-118-Bus,49,100,0.6,9,175.5175,104.6612616
IEEE-118-Bus,49,100,0.6,10,155.9725,102.5974506
IEEE-118-Bus,49,100,0.6,11,134.9555,97.63085276
IEEE-118-Bus,49,100,0.6,12,113.877,90.45874343
IEEE-118-Bus,49,100,0.6,13,93.5175,82.14872428
IEEE-118-Bus,49,100,0.6,14,74.937,73.18752789
IEEE-118-Bus,49,100,0.6,15,58.75,63.83995826
IEEE-118-Bus,49,100,0.6,16,45.347,55.07613168
IEEE-118-Bus,49,100,0.6,17,34.3675,47.04729714
IEEE-118-Bus,49,100,0.6,18,25.502,39.52042419
IEEE-118-Bus,49,100,0.6,19,18.467,32.76302213
IEEE-118-Bus,49,100,0.6,20,12.9365,26.51241071
IEEE-118-Bus,49,100,0.6,21,8.73,21.0595549
IEEE-118-Bus,49,100,0.6,22,5.641,16.38567558
IEEE-118-Bus,49,100,0.6,23,3.633,12.76023992
IEEE-118-Bus,49,100,0.6,24,2.347,10.363025
IEEE-118-Bus,49,100,0.6,25,1.5425,8.590232232
IEEE-118-Bus,49,100,0.6,26,0.9535,6.616889705
IEEE-118-Bus,49,100,0.6,27,0.589,5.279584833
IEEE-118-Bus,49,100,0.6,28,0.374,4.27097701
IEEE-118-Bus,49,100,0.6,29,0.2415,3.499328564
IEEE-118-Bus,49,100,0.6,30,0.152,2.519934728
IEEE-118-Bus,49,100,0.6,31,0.0855,1.652741821
IEEE-118-Bus,49,100,0.6,32,0.041,0.984278112
IEEE-118-Bus,49,100,0.6,33,0.0285,0.815487744
IEEE-118-Bus,49,100,0.6,34,0.02,0.606451888
IEEE-118-Bus,49,100,0.6,35,0.0155,0.486187144
IEEE-118-Bus,49,100,0.6,36,0.01,0.353500327
IEEE-118-Bus,49,100,0.6,37,0.005,0.223606798
IEEE-118-Bus,49,100,0.6,38,0.0035,0.156524758
IEEE-118-Bus,49,100,0.6,39,0.0025,0.111803399
IEEE-118-Bus,49,100,0.6,40,0.001,0.04472136
IEEE-118-Bus,49,100,0.6,41,0,0
IEEE-118-Bus,49,100,0.6,42,0,0
IEEE-118-Bus,49,100,0.6,43,0,0
IEEE-118-Bus,49,100,0.6,44,0,0
IEEE-118-Bus,49,100,0.6,45,0,0
IEEE-118-Bus,49,100,0.6,46,0,0
IEEE-118-Bus,49,100,0.6,47,0,0
IEEE-118-Bus,49,100,0.6,48,0,0
IEEE-118-Bus,49,100,0.6,49,0,0
IEEE-118-Bus,49,100,0.6,50,0,0
IEEE-118-Bus,49,100,0.6,51,0,0
IEEE-118-Bus,49,100,0.6,52,0,0
IEEE-118-Bus,49,100,0.6,53,0,0
IEEE-118-Bus,49,100,0.6,54,0,0
IEEE-118-Bus,49,100,0.6,55,0,0
IEEE-118-Bus,49,100,0.6,56,0,0
IEEE-118-Bus,49,100,0.6,57,0,0
IEEE-118-Bus,49,100,0.6,58,0,0
IEEE-118-Bus,49,100,0.6,59,0,0
IEEE-118-Bus,49,100,0.6,60,0,0
IEEE-118-Bus,49,100,0.6,61,0,0
IEEE-118-Bus,49,100,0.6,62,0,0
IEEE-118-Bus,49,100,0.6,63,0,0
IEEE-118-Bus,49,100,0.6,64,0,0
IEEE-118-Bus,49,100,0.6,65,0,0
IEEE-118-Bus,49,100,0.6,66,0,0
IEEE-118-Bus,49,100,0.6,67,0,0
IEEE-118-Bus,49,100,0.6,68,0,0
IEEE-118-Bus,49,100,0.6,69,0,0
IEEE-118-Bus,49,100,0.6,70,0,0
IEEE-118-Bus,49,100,0.6,71,0,0
IEEE-118-Bus,49,100,0.6,72,0,0
IEEE-118-Bus,49,100,0.6,73,0,0
IEEE-118-Bus,49,100,0.6,74,0,0
IEEE-118-Bus,49,100,0.6,75,0,0
IEEE-118-Bus,49,100,0.6,76,0,0
IEEE-118-Bus,49,100,0.6,77,0,0
IEEE-118-Bus,49,100,0.6,78,0,0
IEEE-118-Bus,49,100,0.6,79,0,0
IEEE-118-Bus,49,100,0.6,80,0,0
IEEE-118-Bus,49,100,0.6,81,0,0
IEEE-118-Bus,49,100,0.6,82,0,0
IEEE-118-Bus,49,100,0.6,83,0,0
IEEE-118-Bus,49,100,0.6,84,0,0
IEEE-118-Bus,49,100,0.6,85,0,0
IEEE-118-Bus,49,100,0.6,86,0,0
IEEE-118-Bus,49,100,0.6,87,0,0
IEEE-118-Bus,49,100,0.6,88,0,0
IEEE-118-Bus,49,100,0.6,89,0,0
IEEE-118-Bus,49,100,0.6,90,0,0
IEEE-118-Bus,49,100,0.6,91,0,0
IEEE-118-Bus,49,100,0.6,92,0,0
IEEE-118-Bus,49,100,0.6,93,0,0
IEEE-118-Bus,49,100,0.6,94,0,0
IEEE-118-Bus,49,100,0.6,95,0,0
IEEE-118-Bus,49,100,0.6,96,0,0
IEEE-118-Bus,49,100,0.6,97,0,0
IEEE-118-Bus,49,100,0.6,98,0,0
IEEE-118-Bus,49,100,0.6,99,0,0
IEEE-118-Bus,49,100,0.6,100,0,0
IEEE-118-Bus,49,100,0.6,101,0,0
IEEE-118-Bus,49,100,0.6,102,0,0
IEEE-118-Bus,49,100,0.6,103,0,0
IEEE-118-Bus,49,100,0.6,104,0,0
IEEE-118-Bus,49,100,0.6,105,0,0
IEEE-118-Bus,49,100,0.6,106,0,0
IEEE-118-Bus,49,100,0.6,107,0,0
IEEE-118-Bus,49,100,0.6,108,0,0
IEEE-118-Bus,49,100,0.6,109,0,0
IEEE-118-Bus,49,100,0.6,110,0,0
IEEE-118-Bus,49,100,0.6,111,0,0
IEEE-118-Bus,49,100,0.6,112,0,0
IEEE-118-Bus,49,100,0.6,113,0,0
IEEE-118-Bus,49,100,0.6,114,0,0
IEEE-118-Bus,49,100,0.6,115,0,0
IEEE-118-Bus,49,100,0.6,116,0,0
IEEE-118-Bus,49,100,0.6,117,0,0
IEEE-118-Bus,49,100,0.8,1,143.2585,5.356773774
IEEE-118-Bus,49,100,0.8,2,271.912,20.51106062
IEEE-118-Bus,49,100,0.8,3,397.319,43.34653042
IEEE-118-Bus,49,100,0.8,4,492.138,67.17222648
IEEE-118-Bus,49,100,0.8,5,549.714,87.01169876
IEEE-118-Bus,49,100,0.8,6,576.058,102.4124494
IEEE-118-Bus,49,100,0.8,7,582.8675,113.6525248
IEEE-118-Bus,49,100,0.8,8,563.3055,113.9472868
IEEE-118-Bus,49,100,0.8,9,513.4335,104.4633135
IEEE-118-Bus,49,100,0.8,10,444.3945,94.42774576
IEEE-118-Bus,49,100,0.8,11,365.5875,86.8721286
IEEE-118-Bus,49,100,0.8,12,288.599,81.84830341
IEEE-118-Bus,49,100,0.8,13,220.3295,78.85433363
IEEE-118-Bus,49,100,0.8,14,163.571,76.90354372
IEEE-118-Bus,49,100,0.8,15,117.633,73.35750113
IEEE-118-Bus,49,100,0.8,16,81.244,66.70278926
IEEE-118-Bus,49,100,0.8,17,53.268,57.33076473
IEEE-118-Bus,49,100,0.8,18,33.4515,47.18751931
IEEE-118-Bus,49,100,0.8,19,19.8615,36.79825231
IEEE-118-Bus,49,100,0.8,20,11.479,27.98796567
IEEE-118-Bus,49,100,0.8,21,6.3495,20.63521882
IEEE-118-Bus,49,100,0.8,22,3.471,14.91889559
IEEE-118-Bus,49,100,0.8,23,1.8325,10.52904906
IEEE-118-Bus,49,100,0.8,24,0.948,7.180743523
IEEE-118-Bus,49,100,0.8,25,0.4635,4.442469529
IEEE-118-Bus,49,100,0.8,26,0.202,2.557433525
IEEE-118-Bus,49,100,0.8,27,0.082,1.397946039
IEEE-118-Bus,49,100,0.8,28,0.0315,0.784101497
IEEE-118-Bus,49,100,0.8,29,0.0105,0.302382982
IEEE-118-Bus,49,100,0.8,30,5.00E-04,0.02236068
IEEE-118-Bus,49,100,0.8,31,0,0
IEEE-118-Bus,49,100,0.8,32,0,0
IEEE-118-Bus,49,100,0.8,33,0,0
IEEE-118-Bus,49,100,0.8,34,0,0
IEEE-118-Bus,49,100,0.8,35,0,0
IEEE-118-Bus,49,100,0.8,36,0,0
IEEE-118-Bus,49,100,0.8,37,0,0
IEEE-118-Bus,49,100,0.8,38,0,0
IEEE-118-Bus,49,100,0.8,39,0,0
IEEE-118-Bus,49,100,0.8,40,0,0
IEEE-118-Bus,49,100,0.8,41,0,0
IEEE-118-Bus,49,100,0.8,42,0,0
IEEE-118-Bus,49,100,0.8,43,0,0
IEEE-118-Bus,49,100,0.8,44,0,0
IEEE-118-Bus,49,100,0.8,45,0,0
IEEE-118-Bus,49,100,0.8,46,0,0
IEEE-118-Bus,49,100,0.8,47,0,0
IEEE-118-Bus,49,100,0.8,48,0,0
IEEE-118-Bus,49,100,0.8,49,0,0
IEEE-118-Bus,49,100,0.8,50,0,0
IEEE-118-Bus,49,100,0.8,51,0,0
IEEE-118-Bus,49,100,0.8,52,0,0
IEEE-118-Bus,49,100,0.8,53,0,0
IEEE-118-Bus,49,100,0.8,54,0,0
IEEE-118-Bus,49,100,0.8,55,0,0
IEEE-118-Bus,49,100,0.8,56,0,0
IEEE-118-Bus,49,100,0.8,57,0,0
IEEE-118-Bus,49,100,0.8,58,0,0
IEEE-118-Bus,49,100,0.8,59,0,0
IEEE-118-Bus,49,100,0.8,60,0,0
IEEE-118-Bus,49,100,0.8,61,0,0
IEEE-118-Bus,49,100,0.8,62,0,0
IEEE-118-Bus,49,100,0.8,63,0,0
IEEE-118-Bus,49,100,0.8,64,0,0
IEEE-118-Bus,49,100,0.8,65,0,0
IEEE-118-Bus,49,100,0.8,66,0,0
IEEE-118-Bus,49,100,0.8,67,0,0
IEEE-118-Bus,49,100,0.8,68,0,0
IEEE-118-Bus,49,100,0.8,69,0,0
IEEE-118-Bus,49,100,0.8,70,0,0
IEEE-118-Bus,49,100,0.8,71,0,0
IEEE-118-Bus,49,100,0.8,72,0,0
IEEE-118-Bus,49,100,0.8,73,0,0
IEEE-118-Bus,49,100,0.8,74,0,0
IEEE-118-Bus,49,100,0.8,75,0,0
IEEE-118-Bus,49,100,0.8,76,0,0
IEEE-118-Bus,49,100,0.8,77,0,0
IEEE-118-Bus,49,100,0.8,78,0,0
IEEE-118-Bus,49,100,0.8,79,0,0
IEEE-118-Bus,49,100,0.8,80,0,0
IEEE-118-Bus,49,100,0.8,81,0,0
IEEE-118-Bus,49,100,0.8,82,0,0
IEEE-118-Bus,49,100,0.8,83,0,0
IEEE-118-Bus,49,100,0.8,84,0,0
IEEE-118-Bus,49,100,0.8,85,0,0
IEEE-118-Bus,49,100,0.8,86,0,0
IEEE-118-Bus,49,100,0.8,87,0,0
IEEE-118-Bus,49,100,0.8,88,0,0
IEEE-118-Bus,49,100,0.8,89,0,0
IEEE-118-Bus,49,100,0.8,90,0,0
IEEE-118-Bus,49,100,0.8,91,0,0
IEEE-118-Bus,49,100,0.8,92,0,0
IEEE-118-Bus,49,100,0.8,93,0,0
IEEE-118-Bus,49,100,0.8,94,0,0
IEEE-118-Bus,49,100,0.8,95,0,0
IEEE-118-Bus,49,100,0.8,96,0,0
IEEE-118-Bus,49,100,0.8,97,0,0
IEEE-118-Bus,49,100,0.8,98,0,0
IEEE-118-Bus,49,100,0.8,99,0,0
IEEE-118-Bus,49,100,0.8,100,0,0
IEEE-118-Bus,49,100,0.8,101,0,0
IEEE-118-Bus,49,100,0.8,102,0,0
IEEE-118-Bus,49,100,0.8,103,0,0
IEEE-118-Bus,49,100,0.8,104,0,0
IEEE-118-Bus,49,100,0.8,105,0,0
IEEE-118-Bus,49,100,0.8,106,0,0
IEEE-118-Bus,49,100,0.8,107,0,0
IEEE-118-Bus,49,100,0.8,108,0,0
IEEE-118-Bus,49,100,0.8,109,0,0
IEEE-118-Bus,49,100,0.8,110,0,0
IEEE-118-Bus,49,100,0.8,111,0,0
IEEE-118-Bus,49,100,0.8,112,0,0
IEEE-118-Bus,49,100,0.8,113,0,0
IEEE-118-Bus,49,100,0.8,114,0,0
IEEE-118-Bus,49,100,0.8,115,0,0
IEEE-118-Bus,49,100,0.8,116,0,0
IEEE-118-Bus,49,100,0.8,117,0,0
IEEE-118-Bus,49,100,0.95,1,170.03,2.989744017
IEEE-118-Bus,49,100,0.95,2,364.558,12.58776636
IEEE-118-Bus,49,100,0.95,3,567.681,27.83161041
IEEE-118-Bus,49,100,0.95,4,721.4045,42.21210503
IEEE-118-Bus,49,100,0.95,5,805.826,50.2119542
IEEE-118-Bus,49,100,0.95,6,837.5475,52.73376688
IEEE-118-Bus,49,100,0.95,7,808.2565,49.66918785
IEEE-118-Bus,49,100,0.95,8,733.1595,41.13221352
IEEE-118-Bus,49,100,0.95,9,596.384,34.92322092
IEEE-118-Bus,49,100,0.95,10,440.2825,40.13631966
IEEE-118-Bus,49,100,0.95,11,308.5175,37.94284549
IEEE-118-Bus,49,100,0.95,12,214.316,32.94513371
IEEE-118-Bus,49,100,0.95,13,131.129,35.41681146
IEEE-118-Bus,49,100,0.95,14,63.1455,39.73090236
IEEE-118-Bus,49,100,0.95,15,26.098,32.26257635
IEEE-118-Bus,49,100,0.95,16,10.625,19.36734163
IEEE-118-Bus,49,100,0.95,17,3.6475,9.376043881
IEEE-118-Bus,49,100,0.95,18,1.2035,4.490675989
IEEE-118-Bus,49,100,0.95,19,0.3385,2.278050154
IEEE-118-Bus,49,100,0.95,20,0.0735,0.754574344
IEEE-118-Bus,49,100,0.95,21,0.009,0.137580755
IEEE-118-Bus,49,100,0.95,22,5.00E-04,0.02236068
IEEE-118-Bus,49,100,0.95,23,0,0
IEEE-118-Bus,49,100,0.95,24,0,0
IEEE-118-Bus,49,100,0.95,25,0,0
IEEE-118-Bus,49,100,0.95,26,0,0
IEEE-118-Bus,49,100,0.95,27,0,0
IEEE-118-Bus,49,100,0.95,28,0,0
IEEE-118-Bus,49,100,0.95,29,0,0
IEEE-118-Bus,49,100,0.95,30,0,0
IEEE-118-Bus,49,100,0.95,31,0,0
IEEE-118-Bus,49,100,0.95,32,0,0
IEEE-118-Bus,49,100,0.95,33,0,0
IEEE-118-Bus,49,100,0.95,34,0,0
IEEE-118-Bus,49,100,0.95,35,0,0
IEEE-118-Bus,49,100,0.95,36,0,0
IEEE-118-Bus,49,100,0.95,37,0,0
IEEE-118-Bus,49,100,0.95,38,0,0
IEEE-118-Bus,49,100,0.95,39,0,0
IEEE-118-Bus,49,100,0.95,40,0,0
IEEE-118-Bus,49,100,0.95,41,0,0
IEEE-118-Bus,49,100,0.95,42,0,0
IEEE-118-Bus,49,100,0.95,43,0,0
IEEE-118-Bus,49,100,0.95,44,0,0
IEEE-118-Bus,49,100,0.95,45,0,0
IEEE-118-Bus,49,100,0.95,46,0,0
IEEE-118-Bus,49,100,0.95,47,0,0
IEEE-118-Bus,49,100,0.95,48,0,0
IEEE-118-Bus,49,100,0.95,49,0,0
IEEE-118-Bus,49,100,0.95,50,0,0
IEEE-118-Bus,49,100,0.95,51,0,0
IEEE-118-Bus,49,100,0.95,52,0,0
IEEE-118-Bus,49,100,0.95,53,0,0
IEEE-118-Bus,49,100,0.95,54,0,0
IEEE-118-Bus,49,100,0.95,55,0,0
IEEE-118-Bus,49,100,0.95,56,0,0
IEEE-118-Bus,49,100,0.95,57,0,0
IEEE-118-Bus,49,100,0.95,58,0,0
IEEE-118-Bus,49,100,0.95,59,0,0
IEEE-118-Bus,49,100,0.95,60,0,0
IEEE-118-Bus,49,100,0.95,61,0,0
IEEE-118-Bus,49,100,0.95,62,0,0
IEEE-118-Bus,49,100,0.95,63,0,0
IEEE-118-Bus,49,100,0.95,64,0,0
IEEE-118-Bus,49,100,0.95,65,0,0
IEEE-118-Bus,49,100,0.95,66,0,0
IEEE-118-Bus,49,100,0.95,67,0,0
IEEE-118-Bus,49,100,0.95,68,0,0
IEEE-118-Bus,49,100,0.95,69,0,0
IEEE-118-Bus,49,100,0.95,70,0,0
IEEE-118-Bus,49,100,0.95,71,0,0
IEEE-118-Bus,49,100,0.95,72,0,0
IEEE-118-Bus,49,100,0.95,73,0,0
IEEE-118-Bus,49,100,0.95,74,0,0
IEEE-118-Bus,49,100,0.95,75,0,0
IEEE-118-Bus,49,100,0.95,76,0,0
IEEE-118-Bus,49,100,0.95,77,0,0
IEEE-118-Bus,49,100,0.95,78,0,0
IEEE-118-Bus,49,100,0.95,79,0,0
IEEE-118-Bus,49,100,0.95,80,0,0
IEEE-118-Bus,49,100,0.95,81,0,0
IEEE-118-Bus,49,100,0.95,82,0,0
IEEE-118-Bus,49,100,0.95,83,0,0
IEEE-118-Bus,49,100,0.95,84,0,0
IEEE-118-Bus,49,100,0.95,85,0,0
IEEE-118-Bus,49,100,0.95,86,0,0
IEEE-118-Bus,49,100,0.95,87,0,0
IEEE-118-Bus,49,100,0.95,88,0,0
IEEE-118-Bus,49,100,0.95,89,0,0
IEEE-118-Bus,49,100,0.95,90,0,0
IEEE-118-Bus,49,100,0.95,91,0,0
IEEE-118-Bus,49,100,0.95,92,0,0
IEEE-118-Bus,49,100,0.95,93,0,0
IEEE-118-Bus,49,100,0.95,94,0,0
IEEE-118-Bus,49,100,0.95,95,0,0
IEEE-118-Bus,49,100,0.95,96,0,0
IEEE-118-Bus,49,100,0.95,97,0,0
IEEE-118-Bus,49,100,0.95,98,0,0
IEEE-118-Bus,49,100,0.95,99,0,0
IEEE-118-Bus,49,100,0.95,100,0,0
IEEE-118-Bus,49,100,0.95,101,0,0
IEEE-118-Bus,49,100,0.95,102,0,0
IEEE-118-Bus,49,100,0.95,103,0,0
IEEE-118-Bus,49,100,0.95,104,0,0
IEEE-118-Bus,49,100,0.95,105,0,0
IEEE-118-Bus,49,100,0.95,106,0,0
IEEE-118-Bus,49,100,0.95,107,0,0
IEEE-118-Bus,49,100,0.95,108,0,0
IEEE-118-Bus,49,100,0.95,109,0,0
IEEE-118-Bus,49,100,0.95,110,0,0
IEEE-118-Bus,49,100,0.95,111,0,0
IEEE-118-Bus,49,100,0.95,112,0,0
IEEE-118-Bus,49,100,0.95,113,0,0
IEEE-118-Bus,49,100,0.95,114,0,0
IEEE-118-Bus,49,100,0.95,115,0,0
IEEE-118-Bus,49,100,0.95,116,0,0
IEEE-118-Bus,49,100,0.95,117,0,0
Venezuela-Grid,3,11,0.05,1,5.358,2.23502431
Venezuela-Grid,3,11,0.05,2,0.624,0.897790072
Venezuela-Grid,3,11,0.05,3,0.057,0.262269695
Venezuela-Grid,3,11,0.05,4,0.003,0.063190161
Venezuela-Grid,3,11,0.05,5,0,0
Venezuela-Grid,3,11,0.05,6,0,0
Venezuela-Grid,3,11,0.05,7,0,0
Venezuela-Grid,3,11,0.05,8,0,0
Venezuela-Grid,3,11,0.05,9,0,0
Venezuela-Grid,3,11,0.05,10,0,0
Venezuela-Grid,3,11,0.05,11,0,0
Venezuela-Grid,3,11,0.05,12,0,0
Venezuela-Grid,3,11,0.05,13,0,0
Venezuela-Grid,3,11,0.05,14,0,0
Venezuela-Grid,3,11,0.05,15,0,0
Venezuela-Grid,3,11,0.05,16,0,0
Venezuela-Grid,3,11,0.05,17,0,0
Venezuela-Grid,3,11,0.05,18,0,0
Venezuela-Grid,3,11,0.05,19,0,0
Venezuela-Grid,3,11,0.05,20,0,0
Venezuela-Grid,3,11,0.05,21,0,0
Venezuela-Grid,3,11,0.05,22,0,0
Venezuela-Grid,3,11,0.05,23,0,0
Venezuela-Grid,3,11,0.05,24,0,0
Venezuela-Grid,3,11,0.05,25,0,0
Venezuela-Grid,3,11,0.05,26,0,0
Venezuela-Grid,3,11,0.05,27,0,0
Venezuela-Grid,3,11,0.05,28,0,0
Venezuela-Grid,3,11,0.05,29,0,0
Venezuela-Grid,3,11,0.05,30,0,0
Venezuela-Grid,3,11,0.05,31,0,0
Venezuela-Grid,3,11,0.05,32,0,0
Venezuela-Grid,3,11,0.05,33,0,0
Venezuela-Grid,3,11,0.05,34,0,0
Venezuela-Grid,3,11,0.05,35,0,0
Venezuela-Grid,3,11,0.05,36,0,0
Venezuela-Grid,3,11,0.05,37,0,0
Venezuela-Grid,3,11,0.05,38,0,0
Venezuela-Grid,3,11,0.05,39,0,0
Venezuela-Grid,3,11,0.05,40,0,0
Venezuela-Grid,3,11,0.05,41,0,0
Venezuela-Grid,3,11,0.05,42,0,0
Venezuela-Grid,3,11,0.05,43,0,0
Venezuela-Grid,3,11,0.05,44,0,0
Venezuela-Grid,3,11,0.05,45,0,0
Venezuela-Grid,3,11,0.05,46,0,0
Venezuela-Grid,3,11,0.05,47,0,0
Venezuela-Grid,3,11,0.05,48,0,0
Venezuela-Grid,3,11,0.05,49,0,0
Venezuela-Grid,3,11,0.05,50,0,0
Venezuela-Grid,3,11,0.05,51,0,0
Venezuela-Grid,3,11,0.05,52,0,0
Venezuela-Grid,3,11,0.05,53,0,0
Venezuela-Grid,3,11,0.05,54,0,0
Venezuela-Grid,3,11,0.05,55,0,0
Venezuela-Grid,3,11,0.05,56,0,0
Venezuela-Grid,3,11,0.05,57,0,0
Venezuela-Grid,3,11,0.05,58,0,0
Venezuela-Grid,3,11,0.05,59,0,0
Venezuela-Grid,3,11,0.05,60,0,0
Venezuela-Grid,3,11,0.05,61,0,0
Venezuela-Grid,3,11,0.05,62,0,0
Venezuela-Grid,3,11,0.05,63,0,0
Venezuela-Grid,3,11,0.05,64,0,0
Venezuela-Grid,3,11,0.05,65,0,0
Venezuela-Grid,3,11,0.05,66,0,0
Venezuela-Grid,3,11,0.05,67,0,0
Venezuela-Grid,3,11,0.05,68,0,0
Venezuela-Grid,3,11,0.05,69,0,0
Venezuela-Grid,3,11,0.05,70,0,0
Venezuela-Grid,3,11,0.05,71,0,0
Venezuela-Grid,3,11,0.05,72,0,0
Venezuela-Grid,3,11,0.05,73,0,0
Venezuela-Grid,3,11,0.05,74,0,0
Venezuela-Grid,3,11,0.05,75,0,0
Venezuela-Grid,3,11,0.05,76,0,0
Venezuela-Grid,3,11,0.05,77,0,0
Venezuela-Grid,3,11,0.05,78,0,0
Venezuela-Grid,3,11,0.05,79,0,0
Venezuela-Grid,3,11,0.2,1,21.312,4.109148154
Venezuela-Grid,3,11,0.2,2,9.382,4.441051392
Venezuela-Grid,3,11,0.2,3,3.5465,3.365189445
Venezuela-Grid,3,11,0.2,4,1.2875,2.179729194
Venezuela-Grid,3,11,0.2,5,0.441,1.251120158
Venezuela-Grid,3,11,0.2,6,0.1445,0.714055101
Venezuela-Grid,3,11,0.2,7,0.0455,0.38536217
Venezuela-Grid,3,11,0.2,8,0.0145,0.22872671
Venezuela-Grid,3,11,0.2,9,0.0045,0.162766693
Venezuela-Grid,3,11,0.2,10,0.003,0.114006573
Venezuela-Grid,3,11,0.2,11,0.001,0.04472136
Venezuela-Grid,3,11,0.2,12,0,0
Venezuela-Grid,3,11,0.2,13,0,0
Venezuela-Grid,3,11,0.2,14,0,0
Venezuela-Grid,3,11,0.2,15,0,0
Venezuela-Grid,3,11,0.2,16,0,0
Venezuela-Grid,3,11,0.2,17,0,0
Venezuela-Grid,3,11,0.2,18,0,0
Venezuela-Grid,3,11,0.2,19,0,0
Venezuela-Grid,3,11,0.2,20,0,0
Venezuela-Grid,3,11,0.2,21,0,0
Venezuela-Grid,3,11,0.2,22,0,0
Venezuela-Grid,3,11,0.2,23,0,0
Venezuela-Grid,3,11,0.2,24,0,0
Venezuela-Grid,3,11,0.2,25,0,0
Venezuela-Grid,3,11,0.2,26,0,0
Venezuela-Grid,3,11,0.2,27,0,0
Venezuela-Grid,3,11,0.2,28,0,0
Venezuela-Grid,3,11,0.2,29,0,0
Venezuela-Grid,3,11,0.2,30,0,0
Venezuela-Grid,3,11,0.2,31,0,0
Venezuela-Grid,3,11,0.2,32,0,0
Venezuela-Grid,3,11,0.2,33,0,0
Venezuela-Grid,3,11,0.2,34,0,0
Venezuela-Grid,3,11,0.2,35,0,0
Venezuela-Grid,3,11,0.2,36,0,0
Venezuela-Grid,3,11,0.2,37,0,0
Venezuela-Grid,3,11,0.2,38,0,0
Venezuela-Grid,3,11,0.2,39,0,0
Venezuela-Grid,3,11,0.2,40,0,0
Venezuela-Grid,3,11,0.2,41,0,0
Venezuela-Grid,3,11,0.2,42,0,0
Venezuela-Grid,3,11,0.2,43,0,0
Venezuela-Grid,3,11,0.2,44,0,0
Venezuela-Grid,3,11,0.2,45,0,0
Venezuela-Grid,3,11,0.2,46,0,0
Venezuela-Grid,3,11,0.2,47,0,0
Venezuela-Grid,3,11,0.2,48,0,0
Venezuela-Grid,3,11,0.2,49,0,0
Venezuela-Grid,3,11,0.2,50,0,0
Venezuela-Grid,3,11,0.2,51,0,0
Venezuela-Grid,3,11,0.2,52,0,0
Venezuela-Grid,3,11,0.2,53,0,0
Venezuela-Grid,3,11,0.2,54,0,0
Venezuela-Grid,3,11,0.2,55,0,0
Venezuela-Grid,3,11,0.2,56,0,0
Venezuela-Grid,3,11,0.2,57,0,0
Venezuela-Grid,3,11,0.2,58,0,0
Venezuela-Grid,3,11,0.2,59,0,0
Venezuela-Grid,3,11,0.2,60,0,0
Venezuela-Grid,3,11,0.2,61,0,0
Venezuela-Grid,3,11,0.2,62,0,0
Venezuela-Grid,3,11,0.2,63,0,0
Venezuela-Grid,3,11,0.2,64,0,0
Venezuela-Grid,3,11,0.2,65,0,0
Venezuela-Grid,3,11,0.2,66,0,0
Venezuela-Grid,3,11,0.2,67,0,0
Venezuela-Grid,3,11,0.2,68,0,0
Venezuela-Grid,3,11,0.2,69,0,0
Venezuela-Grid,3,11,0.2,70,0,0
Venezuela-Grid,3,11,0.2,71,0,0
Venezuela-Grid,3,11,0.2,72,0,0
Venezuela-Grid,3,11,0.2,73,0,0
Venezuela-Grid,3,11,0.2,74,0,0
Venezuela-Grid,3,11,0.2,75,0,0
Venezuela-Grid,3,11,0.2,76,0,0
Venezuela-Grid,3,11,0.2,77,0,0
Venezuela-Grid,3,11,0.2,78,0,0
Venezuela-Grid,3,11,0.2,79,0,0
Venezuela-Grid,3,11,0.4,1,42.644,5.082241493
Venezuela-Grid,3,11,0.4,2,36.234,9.544988077
Venezuela-Grid,3,11,0.4,3,26.338,12.05709097
Venezuela-Grid,3,11,0.4,4,18.7395,12.85582653
Venezuela-Grid,3,11,0.4,5,13.104,12.34331247
Venezuela-Grid,3,11,0.4,6,8.735,10.98695279
Venezuela-Grid,3,11,0.4,7,5.6625,9.361111523
Venezuela-Grid,3,11,0.4,8,3.647,7.723031374
Venezuela-Grid,3,11,0.4,9,2.2235,5.870926813
Venezuela-Grid,3,11,0.4,10,1.358,4.467417029
Venezuela-Grid,3,11,0.4,11,0.7945,3.304955539
Venezuela-Grid,3,11,0.4,12,0.464,2.436528747
Venezuela-Grid,3,11,0.4,13,0.257,1.743694708
Venezuela-Grid,3,11,0.4,14,0.1385,1.270088309
Venezuela-Grid,3,11,0.4,15,0.08,0.929533225
Venezuela-Grid,3,11,0.4,16,0.0475,0.715891053
Venezuela-Grid,3,11,0.4,17,0.0235,0.513886943
Venezuela-Grid,3,11,0.4,18,0.0145,0.431720907
Venezuela-Grid,3,11,0.4,19,0.007,0.221304062
Venezuela-Grid,3,11,0.4,20,0.0045,0.143143267
Venezuela-Grid,3,11,0.4,21,0.003,0.099979988
Venezuela-Grid,3,11,0.4,22,5.00E-04,0.02236068
Venezuela-Grid,3,11,0.4,23,0,0
Venezuela-Grid,3,11,0.4,24,0,0
Venezuela-Grid,3,11,0.4,25,0,0
Venezuela-Grid,3,11,0.4,26,0,0
Venezuela-Grid,3,11,0.4,27,0,0
Venezuela-Grid,3,11,0.4,28,0,0
Venezuela-Grid,3,11,0.4,29,0,0
Venezuela-Grid,3,11,0.4,30,0,0
Venezuela-Grid,3,11,0.4,31,0,0
Venezuela-Grid,3,11,0.4,32,0,0
Venezuela-Grid,3,11,0.4,33,0,0
Venezuela-Grid,3,11,0.4,34,0,0
Venezuela-Grid,3,11,0.4,35,0,0
Venezuela-Grid,3,11,0.4,36,0,0
Venezuela-Grid,3,11,0.4,37,0,0
Venezuela-Grid,3,11,0.4,38,0,0
Venezuela-Grid,3,11,0.4,39,0,0
Venezuela-Grid,3,11,0.4,40,0,0
Venezuela-Grid,3,11,0.4,41,0,0
Venezuela-Grid,3,11,0.4,42,0,0
Venezuela-Grid,3,11,0.4,43,0,0
Venezuela-Grid,3,11,0.4,44,0,0
Venezuela-Grid,3,11,0.4,45,0,0
Venezuela-Grid,3,11,0.4,46,0,0
Venezuela-Grid,3,11,0.4,47,0,0
Venezuela-Grid,3,11,0.4,48,0,0
Venezuela-Grid,3,11,0.4,49,0,0
Venezuela-Grid,3,11,0.4,50,0,0
Venezuela-Grid,3,11,0.4,51,0,0
Venezuela-Grid,3,11,0.4,52,0,0
Venezuela-Grid,3,11,0.4,53,0,0
Venezuela-Grid,3,11,0.4,54,0,0
Venezuela-Grid,3,11,0.4,55,0,0
Venezuela-Grid,3,11,0.4,56,0,0
Venezuela-Grid,3,11,0.4,57,0,0
Venezuela-Grid,3,11,0.4,58,0,0
Venezuela-Grid,3,11,0.4,59,0,0
Venezuela-Grid,3,11,0.4,60,0,0
Venezuela-Grid,3,11,0.4,61,0,0
Venezuela-Grid,3,11,0.4,62,0,0
Venezuela-Grid,3,11,0.4,63,0,0
Venezuela-Grid,3,11,0.4,64,0,0
Venezuela-Grid,3,11,0.4,65,0,0
Venezuela-Grid,3,11,0.4,66,0,0
Venezuela-Grid,3,11,0.4,67,0,0
Venezuela-Grid,3,11,0.4,68,0,0
Venezuela-Grid,3,11,0.4,69,0,0
Venezuela-Grid,3,11,0.4,70,0,0
Venezuela-Grid,3,11,0.4,71,0,0
Venezuela-Grid,3,11,0.4,72,0,0
Venezuela-Grid,3,11,0.4,73,0,0
Venezuela-Grid,3,11,0.4,74,0,0
Venezuela-Grid,3,11,0.4,75,0,0
Venezuela-Grid,3,11,0.4,76,0,0
Venezuela-Grid,3,11,0.4,77,0,0
Venezuela-Grid,3,11,0.4,78,0,0
Venezuela-Grid,3,11,0.4,79,0,0
Venezuela-Grid,3,11,0.5,1,53.719,5.180198474
Venezuela-Grid,3,11,0.5,2,56.2515,11.89154961
Venezuela-Grid,3,11,0.5,3,49.827,17.4627187
Venezuela-Grid,3,11,0.5,4,42.95,21.96446491
Venezuela-Grid,3,11,0.5,5,35.915,24.2458183
Venezuela-Grid,3,11,0.5,6,28.533,24.07040929
Venezuela-Grid,3,11,0.5,7,22.113,22.46271394
Venezuela-Grid,3,11,0.5,8,16.6795,20.31300295
Venezuela-Grid,3,11,0.5,9,12.1565,17.53290361
Venezuela-Grid,3,11,0.5,10,8.5235,14.50778017
Venezuela-Grid,3,11,0.5,11,5.802,11.69231162
Venezuela-Grid,3,11,0.5,12,3.845,9.200342284
Venezuela-Grid,3,11,0.5,13,2.4375,7.033692499
Venezuela-Grid,3,11,0.5,14,1.4855,5.169056909
Venezuela-Grid,3,11,0.5,15,0.877,3.789333784
Venezuela-Grid,3,11,0.5,16,0.5225,2.794351078
Venezuela-Grid,3,11,0.5,17,0.303,1.963700349
Venezuela-Grid,3,11,0.5,18,0.1845,1.408350622
Venezuela-Grid,3,11,0.5,19,0.1035,0.877594916
Venezuela-Grid,3,11,0.5,20,0.0435,0.494702047
Venezuela-Grid,3,11,0.5,21,0.0215,0.336294956
Venezuela-Grid,3,11,0.5,22,0.008,0.22351953
Venezuela-Grid,3,11,0.5,23,0.0035,0.120395172
Venezuela-Grid,3,11,0.5,24,5.00E-04,0.02236068
Venezuela-Grid,3,11,0.5,25,0,0
Venezuela-Grid,3,11,0.5,26,0,0
Venezuela-Grid,3,11,0.5,27,0,0
Venezuela-Grid,3,11,0.5,28,0,0
Venezuela-Grid,3,11,0.5,29,0,0
Venezuela-Grid,3,11,0.5,30,0,0
Venezuela-Grid,3,11,0.5,31,0,0
Venezuela-Grid,3,11,0.5,32,0,0
Venezuela-Grid,3,11,0.5,33,0,0
Venezuela-Grid,3,11,0.5,34,0,0
Venezuela-Grid,3,11,0.5,35,0,0
Venezuela-Grid,3,11,0.5,36,0,0
Venezuela-Grid,3,11,0.5,37,0,0
Venezuela-Grid,3,11,0.5,38,0,0
Venezuela-Grid,3,11,0.5,39,0,0
Venezuela-Grid,3,11,0.5,40,0,0
Venezuela-Grid,3,11,0.5,41,0,0
Venezuela-Grid,3,11,0.5,42,0,0
Venezuela-Grid,3,11,0.5,43,0,0
Venezuela-Grid,3,11,0.5,44,0,0
Venezuela-Grid,3,11,0.5,45,0,0
Venezuela-Grid,3,11,0.5,46,0,0
Venezuela-Grid,3,11,0.5,47,0,0
Venezuela-Grid,3,11,0.5,48,0,0
Venezuela-Grid,3,11,0.5,49,0,0
Venezuela-Grid,3,11,0.5,50,0,0
Venezuela-Grid,3,11,0.5,51,0,0
Venezuela-Grid,3,11,0.5,52,0,0
Venezuela-Grid,3,11,0.5,53,0,0
Venezuela-Grid,3,11,0.5,54,0,0
Venezuela-Grid,3,11,0.5,55,0,0
Venezuela-Grid,3,11,0.5,56,0,0
Venezuela-Grid,3,11,0.5,57,0,0
Venezuela-Grid,3,11,0.5,58,0,0
Venezuela-Grid,3,11,0.5,59,0,0
Venezuela-Grid,3,11,0.5,60,0,0
Venezuela-Grid,3,11,0.5,61,0,0
Venezuela-Grid,3,11,0.5,62,0,0
Venezuela-Grid,3,11,0.5,63,0,0
Venezuela-Grid,3,11,0.5,64,0,0
Venezuela-Grid,3,11,0.5,65,0,0
Venezuela-Grid,3,11,0.5,66,0,0
Venezuela-Grid,3,11,0.5,67,0,0
Venezuela-Grid,3,11,0.5,68,0,0
Venezuela-Grid,3,11,0.5,69,0,0
Venezuela-Grid,3,11,0.5,70,0,0
Venezuela-Grid,3,11,0.5,71,0,0
Venezuela-Grid,3,11,0.5,72,0,0
Venezuela-Grid,3,11,0.5,73,0,0
Venezuela-Grid,3,11,0.5,74,0,0
Venezuela-Grid,3,11,0.5,75,0,0
Venezuela-Grid,3,11,0.5,76,0,0
Venezuela-Grid,3,11,0.5,77,0,0
Venezuela-Grid,3,11,0.5,78,0,0
Venezuela-Grid,3,11,0.5,79,0,0
Venezuela-Grid,3,11,0.6,1,63.967,5.128456057
Venezuela-Grid,3,11,0.6,2,77.7,12.91748546
Venezuela-Grid,3,11,0.6,3,78.9335,21.43599376
Venezuela-Grid,3,11,0.6,4,77.467,29.90580361
Venezuela-Grid,3,11,0.6,5,73.6875,36.85191821
Venezuela-Grid,3,11,0.6,6,66.5725,40.44409235
Venezuela-Grid,3,11,0.6,7,58.6195,41.94525506
Venezuela-Grid,3,11,0.6,8,50.0855,40.89989719
Venezuela-Grid,3,11,0.6,9,41.2455,37.8929171
Venezuela-Grid,3,11,0.6,10,32.9265,34.07508846
Venezuela-Grid,3,11,0.6,11,25.0635,29.2061118
Venezuela-Grid,3,11,0.6,12,18.2545,24.05194333
Venezuela-Grid,3,11,0.6,13,13.0545,19.79516239
Venezuela-Grid,3,11,0.6,14,9.112,16.09863469
Venezuela-Grid,3,11,0.6,15,6.245,12.90400061
Venezuela-Grid,3,11,0.6,16,4.2455,10.33874628
Venezuela-Grid,3,11,0.6,17,2.861,8.248617996
Venezuela-Grid,3,11,0.6,18,1.875,6.403192597
Venezuela-Grid,3,11,0.6,19,1.2135,4.995036831
Venezuela-Grid,3,11,0.6,20,0.7775,3.736840342
Venezuela-Grid,3,11,0.6,21,0.481,2.763776082
Venezuela-Grid,3,11,0.6,22,0.296,2.251203669
Venezuela-Grid,3,11,0.6,23,0.1695,1.640156946
Venezuela-Grid,3,11,0.6,24,0.103,1.247465063
Venezuela-Grid,3,11,0.6,25,0.0645,0.994904351
Venezuela-Grid,3,11,0.6,26,0.043,0.886309072
Venezuela-Grid,3,11,0.6,27,0.027,0.591139343
Venezuela-Grid,3,11,0.6,28,0.0165,0.379868267
Venezuela-Grid,3,11,0.6,29,0.012,0.271832571
Venezuela-Grid,3,11,0.6,30,0.0055,0.135937447
Venezuela-Grid,3,11,0.6,31,0.001,0.04472136
Venezuela-Grid,3,11,0.6,32,0,0
Venezuela-Grid,3,11,0.6,33,0,0
Venezuela-Grid,3,11,0.6,34,0,0
Venezuela-Grid,3,11,0.6,35,0,0
Venezuela-Grid,3,11,0.6,36,0,0
Venezuela-Grid,3,11,0.6,37,0,0
Venezuela-Grid,3,11,0.6,38,0,0
Venezuela-Grid,3,11,0.6,39,0,0
Venezuela-Grid,3,11,0.6,40,0,0
Venezuela-Grid,3,11,0.6,41,0,0
Venezuela-Grid,3,11,0.6,42,0,0
Venezuela-Grid,3,11,0.6,43,0,0
Venezuela-Grid,3,11,0.6,44,0,0
Venezuela-Grid,3,11,0.6,45,0,0
Venezuela-Grid,3,11,0.6,46,0,0
Venezuela-Grid,3,11,0.6,47,0,0
Venezuela-Grid,3,11,0.6,48,0,0
Venezuela-Grid,3,11,0.6,49,0,0
Venezuela-Grid,3,11,0.6,50,0,0
Venezuela-Grid,3,11,0.6,51,0,0
Venezuela-Grid,3,11,0.6,52,0,0
Venezuela-Grid,3,11,0.6,53,0,0
Venezuela-Grid,3,11,0.6,54,0,0
Venezuela-Grid,3,11,0.6,55,0,0
Venezuela-Grid,3,11,0.6,56,0,0
Venezuela-Grid,3,11,0.6,57,0,0
Venezuela-Grid,3,11,0.6,58,0,0
Venezuela-Grid,3,11,0.6,59,0,0
Venezuela-Grid,3,11,0.6,60,0,0
Venezuela-Grid,3,11,0.6,61,0,0
Venezuela-Grid,3,11,0.6,62,0,0
Venezuela-Grid,3,11,0.6,63,0,0
Venezuela-Grid,3,11,0.6,64,0,0
Venezuela-Grid,3,11,0.6,65,0,0
Venezuela-Grid,3,11,0.6,66,0,0
Venezuela-Grid,3,11,0.6,67,0,0
Venezuela-Grid,3,11,0.6,68,0,0
Venezuela-Grid,3,11,0.6,69,0,0
Venezuela-Grid,3,11,0.6,70,0,0
Venezuela-Grid,3,11,0.6,71,0,0
Venezuela-Grid,3,11,0.6,72,0,0
Venezuela-Grid,3,11,0.6,73,0,0
Venezuela-Grid,3,11,0.6,74,0,0
Venezuela-Grid,3,11,0.6,75,0,0
Venezuela-Grid,3,11,0.6,76,0,0
Venezuela-Grid,3,11,0.6,77,0,0
Venezuela-Grid,3,11,0.6,78,0,0
Venezuela-Grid,3,11,0.6,79,0,0
Venezuela-Grid,3,11,0.8,1,85.6,4.013234734
Venezuela-Grid,3,11,0.8,2,132.3345,12.62189629
Venezuela-Grid,3,11,0.8,3,166.8395,26.13917305
Venezuela-Grid,3,11,0.8,4,198.4505,41.43330676
Venezuela-Grid,3,11,0.8,5,223.0895,53.92031333
Venezuela-Grid,3,11,0.8,6,227.892,59.6898465
Venezuela-Grid,3,11,0.8,7,224.3455,62.81731559
Venezuela-Grid,3,11,0.8,8,211.609,62.46390949
Venezuela-Grid,3,11,0.8,9,187.1315,59.74061163
Venezuela-Grid,3,11,0.8,10,157.5055,56.07842156
Venezuela-Grid,3,11,0.8,11,120.9915,50.80118904
Venezuela-Grid,3,11,0.8,12,87.658,45.76903362
Venezuela-Grid,3,11,0.8,13,62.756,40.7637499
Venezuela-Grid,3,11,0.8,14,42.561,34.80908093
Venezuela-Grid,3,11,0.8,15,28.374,29.11075131
Venezuela-Grid,3,11,0.8,16,18.665,23.97634684
Venezuela-Grid,3,11,0.8,17,11.799,19.1473212
Venezuela-Grid,3,11,0.8,18,7.3655,15.07785066
Venezuela-Grid,3,11,0.8,19,4.416,11.4978278
Venezuela-Grid,3,11,0.8,20,2.769,9.150874726
Venezuela-Grid,3,11,0.8,21,1.7375,7.145076613
Venezuela-Grid,3,11,0.8,22,1.1305,5.821633401
Venezuela-Grid,3,11,0.8,23,0.7195,4.615134828
Venezuela-Grid,3,11,0.8,24,0.4555,3.493153419
Venezuela-Grid,3,11,0.8,25,0.281,2.591408246
Venezuela-Grid,3,11,0.8,26,0.18,1.97523436
Venezuela-Grid,3,11,0.8,27,0.103,1.331268996
Venezuela-Grid,3,11,0.8,28,0.0545,0.774486711
Venezuela-Grid,3,11,0.8,29,0.024,0.414137362
Venezuela-Grid,3,11,0.8,30,0.0135,0.270840225
Venezuela-Grid,3,11,0.8,31,0.007,0.170192487
Venezuela-Grid,3,11,0.8,32,0.002,0.054749418
Venezuela-Grid,3,11,0.8,33,0,0
Venezuela-Grid,3,11,0.8,34,0,0
Venezuela-Grid,3,11,0.8,35,0,0
Venezuela-Grid,3,11,0.8,36,0,0
Venezuela-Grid,3,11,0.8,37,0,0
Venezuela-Grid,3,11,0.8,38,0,0
Venezuela-Grid,3,11,0.8,39,0,0
Venezuela-Grid,3,11,0.8,40,0,0
Venezuela-Grid,3,11,0.8,41,0,0
Venezuela-Grid,3,11,0.8,42,0,0
Venezuela-Grid,3,11,0.8,43,0,0
Venezuela-Grid,3,11,0.8,44,0,0
Venezuela-Grid,3,11,0.8,45,0,0
Venezuela-Grid,3,11,0.8,46,0,0
Venezuela-Grid,3,11,0.8,47,0,0
Venezuela-Grid,3,11,0.8,48,0,0
Venezuela-Grid,3,11,0.8,49,0,0
Venezuela-Grid,3,11,0.8,50,0,0
Venezuela-Grid,3,11,0.8,51,0,0
Venezuela-Grid,3,11,0.8,52,0,0
Venezuela-Grid,3,11,0.8,53,0,0
Venezuela-Grid,3,11,0.8,54,0,0
Venezuela-Grid,3,11,0.8,55,0,0
Venezuela-Grid,3,11,0.8,56,0,0
Venezuela-Grid,3,11,0.8,57,0,0
Venezuela-Grid,3,11,0.8,58,0,0
Venezuela-Grid,3,11,0.8,59,0,0
Venezuela-Grid,3,11,0.8,60,0,0
Venezuela-Grid,3,11,0.8,61,0,0
Venezuela-Grid,3,11,0.8,62,0,0
Venezuela-Grid,3,11,0.8,63,0,0
Venezuela-Grid,3,11,0.8,64,0,0
Venezuela-Grid,3,11,0.8,65,0,0
Venezuela-Grid,3,11,0.8,66,0,0
Venezuela-Grid,3,11,0.8,67,0,0
Venezuela-Grid,3,11,0.8,68,0,0
Venezuela-Grid,3,11,0.8,69,0,0
Venezuela-Grid,3,11,0.8,70,0,0
Venezuela-Grid,3,11,0.8,71,0,0
Venezuela-Grid,3,11,0.8,72,0,0
Venezuela-Grid,3,11,0.8,73,0,0
Venezuela-Grid,3,11,0.8,74,0,0
Venezuela-Grid,3,11,0.8,75,0,0
Venezuela-Grid,3,11,0.8,76,0,0
Venezuela-Grid,3,11,0.8,77,0,0
Venezuela-Grid,3,11,0.8,78,0,0
Venezuela-Grid,3,11,0.8,79,0,0
Venezuela-Grid,3,11,0.95,1,101.6305,2.216850686
Venezuela-Grid,3,11,0.95,2,178.561,7.794527332
Venezuela-Grid,3,11,0.95,3,250.4255,17.14731655
Venezuela-Grid,3,11,0.95,4,316.3665,27.09179138
Venezuela-Grid,3,11,0.95,5,367.808,32.26206063
Venezuela-Grid,3,11,0.95,6,366.626,29.04043384
Venezuela-Grid,3,11,0.95,7,353.3915,26.74798974
Venezuela-Grid,3,11,0.95,8,330.3255,28.53532341
Venezuela-Grid,3,11,0.95,9,273.0105,29.92154808
Venezuela-Grid,3,11,0.95,10,201.308,31.08549968
Venezuela-Grid,3,11,0.95,11,120.968,32.20952814
Venezuela-Grid,3,11,0.95,12,75.006,27.7042005
Venezuela-Grid,3,11,0.95,13,50.67,21.32595832
Venezuela-Grid,3,11,0.95,14,22.966,16.30603531
Venezuela-Grid,3,11,0.95,15,8.8255,12.16396443
Venezuela-Grid,3,11,0.95,16,3.261,7.323502977
Venezuela-Grid,3,11,0.95,17,1.2215,4.463003131
Venezuela-Grid,3,11,0.95,18,0.39,2.462098894
Venezuela-Grid,3,11,0.95,19,0.126,1.368963488
Venezuela-Grid,3,11,0.95,20,0.053,0.696730735
Venezuela-Grid,3,11,0.95,21,0.0145,0.288671813
Venezuela-Grid,3,11,0.95,22,0.007,0.272007342
Venezuela-Grid,3,11,0.95,23,0.002,0.089442719
Venezuela-Grid,3,11,0.95,24,0,0
Venezuela-Grid,3,11,0.95,25,0,0
Venezuela-Grid,3,11,0.95,26,0,0
Venezuela-Grid,3,11,0.95,27,0,0
Venezuela-Grid,3,11,0.95,28,0,0
Venezuela-Grid,3,11,0.95,29,0,0
Venezuela-Grid,3,11,0.95,30,0,0
Venezuela-Grid,3,11,0.95,31,0,0
Venezuela-Grid,3,11,0.95,32,0,0
Venezuela-Grid,3,11,0.95,33,0,0
Venezuela-Grid,3,11,0.95,34,0,0
Venezuela-Grid,3,11,0.95,35,0,0
Venezuela-Grid,3,11,0.95,36,0,0
Venezuela-Grid,3,11,0.95,37,0,0
Venezuela-Grid,3,11,0.95,38,0,0
Venezuela-Grid,3,11,0.95,39,0,0
Venezuela-Grid,3,11,0.95,40,0,0
Venezuela-Grid,3,11,0.95,41,0,0
Venezuela-Grid,3,11,0.95,42,0,0
Venezuela-Grid,3,11,0.95,43,0,0
Venezuela-Grid,3,11,0.95,44,0,0
Venezuela-Grid,3,11,0.95,45,0,0
Venezuela-Grid,3,11,0.95,46,0,0
Venezuela-Grid,3,11,0.95,47,0,0
Venezuela-Grid,3,11,0.95,48,0,0
Venezuela-Grid,3,11,0.95,49,0,0
Venezuela-Grid,3,11,0.95,50,0,0
Venezuela-Grid,3,11,0.95,51,0,0
Venezuela-Grid,3,11,0.95,52,0,0
Venezuela-Grid,3,11,0.95,53,0,0
Venezuela-Grid,3,11,0.95,54,0,0
Venezuela-Grid,3,11,0.95,55,0,0
Venezuela-Grid,3,11,0.95,56,0,0
Venezuela-Grid,3,11,0.95,57,0,0
Venezuela-Grid,3,11,0.95,58,0,0
Venezuela-Grid,3,11,0.95,59,0,0
Venezuela-Grid,3,11,0.95,60,0,0
Venezuela-Grid,3,11,0.95,61,0,0
Venezuela-Grid,3,11,0.95,62,0,0
Venezuela-Grid,3,11,0.95,63,0,0
Venezuela-Grid,3,11,0.95,64,0,0
Venezuela-Grid,3,11,0.95,65,0,0
Venezuela-Grid,3,11,0.95,66,0,0
Venezuela-Grid,3,11,0.95,67,0,0
Venezuela-Grid,3,11,0.95,68,0,0
Venezuela-Grid,3,11,0.95,69,0,0
Venezuela-Grid,3,11,0.95,70,0,0
Venezuela-Grid,3,11,0.95,71,0,0
Venezuela-Grid,3,11,0.95,72,0,0
Venezuela-Grid,3,11,0.95,73,0,0
Venezuela-Grid,3,11,0.95,74,0,0
Venezuela-Grid,3,11,0.95,75,0,0
Venezuela-Grid,3,11,0.95,76,0,0
Venezuela-Grid,3,11,0.95,77,0,0
Venezuela-Grid,3,11,0.95,78,0,0
Venezuela-Grid,3,11,0.95,79,0,0
Italian-Grid,68,64,0.05,1,8.517,2.827668448
Italian-Grid,68,64,0.05,2,0.961,1.136716791
Italian-Grid,68,64,0.05,3,0.0825,0.335782854
Italian-Grid,68,64,0.05,4,0.005,0.077317456
Italian-Grid,68,64,0.05,5,5.00E-04,0.02236068
Italian-Grid,68,64,0.05,6,0,0
Italian-Grid,68,64,0.05,7,0,0
Italian-Grid,68,64,0.05,8,0,0
Italian-Grid,68,64,0.05,9,0,0
Italian-Grid,68,64,0.05,10,0,0
Italian-Grid,68,64,0.05,11,0,0
Italian-Grid,68,64,0.05,12,0,0
Italian-Grid,68,64,0.05,13,0,0
Italian-Grid,68,64,0.05,14,0,0
Italian-Grid,68,64,0.05,15,0,0
Italian-Grid,68,64,0.05,16,0,0
Italian-Grid,68,64,0.05,17,0,0
Italian-Grid,68,64,0.05,18,0,0
Italian-Grid,68,64,0.05,19,0,0
Italian-Grid,68,64,0.05,20,0,0
Italian-Grid,68,64,0.05,21,0,0
Italian-Grid,68,64,0.05,22,0,0
Italian-Grid,68,64,0.05,23,0,0
Italian-Grid,68,64,0.05,24,0,0
Italian-Grid,68,64,0.05,25,0,0
Italian-Grid,68,64,0.05,26,0,0
Italian-Grid,68,64,0.05,27,0,0
Italian-Grid,68,64,0.05,28,0,0
Italian-Grid,68,64,0.05,29,0,0
Italian-Grid,68,64,0.05,30,0,0
Italian-Grid,68,64,0.05,31,0,0
Italian-Grid,68,64,0.05,32,0,0
Italian-Grid,68,64,0.05,33,0,0
Italian-Grid,68,64,0.05,34,0,0
Italian-Grid,68,64,0.05,35,0,0
Italian-Grid,68,64,0.05,36,0,0
Italian-Grid,68,64,0.05,37,0,0
Italian-Grid,68,64,0.05,38,0,0
Italian-Grid,68,64,0.05,39,0,0
Italian-Grid,68,64,0.05,40,0,0
Italian-Grid,68,64,0.05,41,0,0
Italian-Grid,68,64,0.05,42,0,0
Italian-Grid,68,64,0.05,43,0,0
Italian-Grid,68,64,0.05,44,0,0
Italian-Grid,68,64,0.05,45,0,0
Italian-Grid,68,64,0.05,46,0,0
Italian-Grid,68,64,0.05,47,0,0
Italian-Grid,68,64,0.05,48,0,0
Italian-Grid,68,64,0.05,49,0,0
Italian-Grid,68,64,0.05,50,0,0
Italian-Grid,68,64,0.05,51,0,0
Italian-Grid,68,64,0.05,52,0,0
Italian-Grid,68,64,0.05,53,0,0
Italian-Grid,68,64,0.05,54,0,0
Italian-Grid,68,64,0.05,55,0,0
Italian-Grid,68,64,0.05,56,0,0
Italian-Grid,68,64,0.05,57,0,0
Italian-Grid,68,64,0.05,58,0,0
Italian-Grid,68,64,0.05,59,0,0
Italian-Grid,68,64,0.05,60,0,0
Italian-Grid,68,64,0.05,61,0,0
Italian-Grid,68,64,0.05,62,0,0
Italian-Grid,68,64,0.05,63,0,0
Italian-Grid,68,64,0.05,64,0,0
Italian-Grid,68,64,0.05,65,0,0
Italian-Grid,68,64,0.05,66,0,0
Italian-Grid,68,64,0.05,67,0,0
Italian-Grid,68,64,0.05,68,0,0
Italian-Grid,68,64,0.05,69,0,0
Italian-Grid,68,64,0.05,70,0,0
Italian-Grid,68,64,0.05,71,0,0
Italian-Grid,68,64,0.05,72,0,0
Italian-Grid,68,64,0.05,73,0,0
Italian-Grid,68,64,0.05,74,0,0
Italian-Grid,68,64,0.05,75,0,0
Italian-Grid,68,64,0.05,76,0,0
Italian-Grid,68,64,0.05,77,0,0
Italian-Grid,68,64,0.05,78,0,0
Italian-Grid,68,64,0.05,79,0,0
Italian-Grid,68,64,0.05,80,0,0
Italian-Grid,68,64,0.05,81,0,0
Italian-Grid,68,64,0.05,82,0,0
Italian-Grid,68,64,0.05,83,0,0
Italian-Grid,68,64,0.05,84,0,0
Italian-Grid,68,64,0.05,85,0,0
Italian-Grid,68,64,0.05,86,0,0
Italian-Grid,68,64,0.05,87,0,0
Italian-Grid,68,64,0.05,88,0,0
Italian-Grid,68,64,0.05,89,0,0
Italian-Grid,68,64,0.05,90,0,0
Italian-Grid,68,64,0.05,91,0,0
Italian-Grid,68,64,0.05,92,0,0
Italian-Grid,68,64,0.05,93,0,0
Italian-Grid,68,64,0.05,94,0,0
Italian-Grid,68,64,0.05,95,0,0
Italian-Grid,68,64,0.05,96,0,0
Italian-Grid,68,64,0.05,97,0,0
Italian-Grid,68,64,0.05,98,0,0
Italian-Grid,68,64,0.05,99,0,0
Italian-Grid,68,64,0.05,100,0,0
Italian-Grid,68,64,0.05,101,0,0
Italian-Grid,68,64,0.05,102,0,0
Italian-Grid,68,64,0.05,103,0,0
Italian-Grid,68,64,0.05,104,0,0
Italian-Grid,68,64,0.05,105,0,0
Italian-Grid,68,64,0.05,106,0,0
Italian-Grid,68,64,0.05,107,0,0
Italian-Grid,68,64,0.05,108,0,0
Italian-Grid,68,64,0.05,109,0,0
Italian-Grid,68,64,0.05,110,0,0
Italian-Grid,68,64,0.05,111,0,0
Italian-Grid,68,64,0.05,112,0,0
Italian-Grid,68,64,0.05,113,0,0
Italian-Grid,68,64,0.05,114,0,0
Italian-Grid,68,64,0.05,115,0,0
Italian-Grid,68,64,0.05,116,0,0
Italian-Grid,68,64,0.05,117,0,0
Italian-Grid,68,64,0.05,118,0,0
Italian-Grid,68,64,0.05,119,0,0
Italian-Grid,68,64,0.05,120,0,0
Italian-Grid,68,64,0.05,121,0,0
Italian-Grid,68,64,0.05,122,0,0
Italian-Grid,68,64,0.05,123,0,0
Italian-Grid,68,64,0.05,124,0,0
Italian-Grid,68,64,0.05,125,0,0
Italian-Grid,68,64,0.05,126,0,0
Italian-Grid,68,64,0.2,1,33.961,5.339357018
Italian-Grid,68,64,0.2,2,14.442,5.371877189
Italian-Grid,68,64,0.2,3,5.2225,3.800686301
Italian-Grid,68,64,0.2,4,1.8365,2.530804266
Italian-Grid,68,64,0.2,5,0.6545,1.628943363
Italian-Grid,68,64,0.2,6,0.2525,1.063159868
Italian-Grid,68,64,0.2,7,0.096,0.65497977
Italian-Grid,68,64,0.2,8,0.0435,0.463373616
Italian-Grid,68,64,0.2,9,0.019,0.355952737
Italian-Grid,68,64,0.2,10,0.0095,0.30075734
Italian-Grid,68,64,0.2,11,0.0045,0.162766693
Italian-Grid,68,64,0.2,12,0.0015,0.049989994
Italian-Grid,68,64,0.2,13,0,0
Italian-Grid,68,64,0.2,14,0,0
Italian-Grid,68,64,0.2,15,0,0
Italian-Grid,68,64,0.2,16,0,0
Italian-Grid,68,64,0.2,17,0,0
Italian-Grid,68,64,0.2,18,0,0
Italian-Grid,68,64,0.2,19,0,0
Italian-Grid,68,64,0.2,20,0,0
Italian-Grid,68,64,0.2,21,0,0
Italian-Grid,68,64,0.2,22,0,0
Italian-Grid,68,64,0.2,23,0,0
Italian-Grid,68,64,0.2,24,0,0
Italian-Grid,68,64,0.2,25,0,0
Italian-Grid,68,64,0.2,26,0,0
Italian-Grid,68,64,0.2,27,0,0
Italian-Grid,68,64,0.2,28,0,0
Italian-Grid,68,64,0.2,29,0,0
Italian-Grid,68,64,0.2,30,0,0
Italian-Grid,68,64,0.2,31,0,0
Italian-Grid,68,64,0.2,32,0,0
Italian-Grid,68,64,0.2,33,0,0
Italian-Grid,68,64,0.2,34,0,0
Italian-Grid,68,64,0.2,35,0,0
Italian-Grid,68,64,0.2,36,0,0
Italian-Grid,68,64,0.2,37,0,0
Italian-Grid,68,64,0.2,38,0,0
Italian-Grid,68,64,0.2,39,0,0
Italian-Grid,68,64,0.2,40,0,0
Italian-Grid,68,64,0.2,41,0,0
Italian-Grid,68,64,0.2,42,0,0
Italian-Grid,68,64,0.2,43,0,0
Italian-Grid,68,64,0.2,44,0,0
Italian-Grid,68,64,0.2,45,0,0
Italian-Grid,68,64,0.2,46,0,0
Italian-Grid,68,64,0.2,47,0,0
Italian-Grid,68,64,0.2,48,0,0
Italian-Grid,68,64,0.2,49,0,0
Italian-Grid,68,64,0.2,50,0,0
Italian-Grid,68,64,0.2,51,0,0
Italian-Grid,68,64,0.2,52,0,0
Italian-Grid,68,64,0.2,53,0,0
Italian-Grid,68,64,0.2,54,0,0
Italian-Grid,68,64,0.2,55,0,0
Italian-Grid,68,64,0.2,56,0,0
Italian-Grid,68,64,0.2,57,0,0
Italian-Grid,68,64,0.2,58,0,0
Italian-Grid,68,64,0.2,59,0,0
Italian-Grid,68,64,0.2,60,0,0
Italian-Grid,68,64,0.2,61,0,0
Italian-Grid,68,64,0.2,62,0,0
Italian-Grid,68,64,0.2,63,0,0
Italian-Grid,68,64,0.2,64,0,0
Italian-Grid,68,64,0.2,65,0,0
Italian-Grid,68,64,0.2,66,0,0
Italian-Grid,68,64,0.2,67,0,0
Italian-Grid,68,64,0.2,68,0,0
Italian-Grid,68,64,0.2,69,0,0
Italian-Grid,68,64,0.2,70,0,0
Italian-Grid,68,64,0.2,71,0,0
Italian-Grid,68,64,0.2,72,0,0
Italian-Grid,68,64,0.2,73,0,0
Italian-Grid,68,64,0.2,74,0,0
Italian-Grid,68,64,0.2,75,0,0
Italian-Grid,68,64,0.2,76,0,0
Italian-Grid,68,64,0.2,77,0,0
Italian-Grid,68,64,0.2,78,0,0
Italian-Grid,68,64,0.2,79,0,0
Italian-Grid,68,64,0.2,80,0,0
Italian-Grid,68,64,0.2,81,0,0
Italian-Grid,68,64,0.2,82,0,0
Italian-Grid,68,64,0.2,83,0,0
Italian-Grid,68,64,0.2,84,0,0
Italian-Grid,68,64,0.2,85,0,0
Italian-Grid,68,64,0.2,86,0,0
Italian-Grid,68,64,0.2,87,0,0
Italian-Grid,68,64,0.2,88,0,0
Italian-Grid,68,64,0.2,89,0,0
Italian-Grid,68,64,0.2,90,0,0
Italian-Grid,68,64,0.2,91,0,0
Italian-Grid,68,64,0.2,92,0,0
Italian-Grid,68,64,0.2,93,0,0
Italian-Grid,68,64,0.2,94,0,0
Italian-Grid,68,64,0.2,95,0,0
Italian-Grid,68,64,0.2,96,0,0
Italian-Grid,68,64,0.2,97,0,0
Italian-Grid,68,64,0.2,98,0,0
Italian-Grid,68,64,0.2,99,0,0
Italian-Grid,68,64,0.2,100,0,0
Italian-Grid,68,64,0.2,101,0,0
Italian-Grid,68,64,0.2,102,0,0
Italian-Grid,68,64,0.2,103,0,0
Italian-Grid,68,64,0.2,104,0,0
Italian-Grid,68,64,0.2,105,0,0
Italian-Grid,68,64,0.2,106,0,0
Italian-Grid,68,64,0.2,107,0,0
Italian-Grid,68,64,0.2,108,0,0
Italian-Grid,68,64,0.2,109,0,0
Italian-Grid,68,64,0.2,110,0,0
Italian-Grid,68,64,0.2,111,0,0
Italian-Grid,68,64,0.2,112,0,0
Italian-Grid,68,64,0.2,113,0,0
Italian-Grid,68,64,0.2,114,0,0
Italian-Grid,68,64,0.2,115,0,0
Italian-Grid,68,64,0.2,116,0,0
Italian-Grid,68,64,0.2,117,0,0
Italian-Grid,68,64,0.2,118,0,0
Italian-Grid,68,64,0.2,119,0,0
Italian-Grid,68,64,0.2,120,0,0
Italian-Grid,68,64,0.2,121,0,0
Italian-Grid,68,64,0.2,122,0,0
Italian-Grid,68,64,0.2,123,0,0
Italian-Grid,68,64,0.2,124,0,0
Italian-Grid,68,64,0.2,125,0,0
Italian-Grid,68,64,0.2,126,0,0
Italian-Grid,68,64,0.4,1,68.3745,6.474581829
Italian-Grid,68,64,0.4,2,56.3905,11.88207059
Italian-Grid,68,64,0.4,3,39.628,14.05889193
Italian-Grid,68,64,0.4,4,27.558,14.8166934
Italian-Grid,68,64,0.4,5,18.992,14.34352831
Italian-Grid,68,64,0.4,6,12.9815,13.11892567
Italian-Grid,68,64,0.4,7,8.6505,11.40111146
Italian-Grid,68,64,0.4,8,5.7185,9.619018687
Italian-Grid,68,64,0.4,9,3.746,7.951295212
Italian-Grid,68,64,0.4,10,2.4135,6.401953628
Italian-Grid,68,64,0.4,11,1.515,5.064740941
Italian-Grid,68,64,0.4,12,0.9615,4.089178211
Italian-Grid,68,64,0.4,13,0.6125,3.265528378
Italian-Grid,68,64,0.4,14,0.386,2.624585343
Italian-Grid,68,64,0.4,15,0.243,2.101227874
Italian-Grid,68,64,0.4,16,0.1535,1.642341741
Italian-Grid,68,64,0.4,17,0.103,1.314250595
Italian-Grid,68,64,0.4,18,0.0625,0.957628465
Italian-Grid,68,64,0.4,19,0.04,0.748785911
Italian-Grid,68,64,0.4,20,0.0275,0.609039584
Italian-Grid,68,64,0.4,21,0.0165,0.404115583
Italian-Grid,68,64,0.4,22,0.0075,0.241811882
Italian-Grid,68,64,0.4,23,0.002,0.063229732
Italian-Grid,68,64,0.4,24,0,0
Italian-Grid,68,64,0.4,25,0,0
Italian-Grid,68,64,0.4,26,0,0
Italian-Grid,68,64,0.4,27,0,0
Italian-Grid,68,64,0.4,28,0,0
Italian-Grid,68,64,0.4,29,0,0
Italian-Grid,68,64,0.4,30,0,0
Italian-Grid,68,64,0.4,31,0,0
Italian-Grid,68,64,0.4,32,0,0
Italian-Grid,68,64,0.4,33,0,0
Italian-Grid,68,64,0.4,34,0,0
Italian-Grid,68,64,0.4,35,0,0
Italian-Grid,68,64,0.4,36,0,0
Italian-Grid,68,64,0.4,37,0,0
Italian-Grid,68,64,0.4,38,0,0
Italian-Grid,68,64,0.4,39,0,0
Italian-Grid,68,64,0.4,40,0,0
Italian-Grid,68,64,0.4,41,0,0
Italian-Grid,68,64,0.4,42,0,0
Italian-Grid,68,64,0.4,43,0,0
Italian-Grid,68,64,0.4,44,0,0
Italian-Grid,68,64,0.4,45,0,0
Italian-Grid,68,64,0.4,46,0,0
Italian-Grid,68,64,0.4,47,0,0
Italian-Grid,68,64,0.4,48,0,0
Italian-Grid,68,64,0.4,49,0,0
Italian-Grid,68,64,0.4,50,0,0
Italian-Grid,68,64,0.4,51,0,0
Italian-Grid,68,64,0.4,52,0,0
Italian-Grid,68,64,0.4,53,0,0
Italian-Grid,68,64,0.4,54,0,0
Italian-Grid,68,64,0.4,55,0,0
Italian-Grid,68,64,0.4,56,0,0
Italian-Grid,68,64,0.4,57,0,0
Italian-Grid,68,64,0.4,58,0,0
Italian-Grid,68,64,0.4,59,0,0
Italian-Grid,68,64,0.4,60,0,0
Italian-Grid,68,64,0.4,61,0,0
Italian-Grid,68,64,0.4,62,0,0
Italian-Grid,68,64,0.4,63,0,0
Italian-Grid,68,64,0.4,64,0,0
Italian-Grid,68,64,0.4,65,0,0
Italian-Grid,68,64,0.4,66,0,0
Italian-Grid,68,64,0.4,67,0,0
Italian-Grid,68,64,0.4,68,0,0
Italian-Grid,68,64,0.4,69,0,0
Italian-Grid,68,64,0.4,70,0,0
Italian-Grid,68,64,0.4,71,0,0
Italian-Grid,68,64,0.4,72,0,0
Italian-Grid,68,64,0.4,73,0,0
Italian-Grid,68,64,0.4,74,0,0
Italian-Grid,68,64,0.4,75,0,0
Italian-Grid,68,64,0.4,76,0,0
Italian-Grid,68,64,0.4,77,0,0
Italian-Grid,68,64,0.4,78,0,0
Italian-Grid,68,64,0.4,79,0,0
Italian-Grid,68,64,0.4,80,0,0
Italian-Grid,68,64,0.4,81,0,0
Italian-Grid,68,64,0.4,82,0,0
Italian-Grid,68,64,0.4,83,0,0
Italian-Grid,68,64,0.4,84,0,0
Italian-Grid,68,64,0.4,85,0,0
Italian-Grid,68,64,0.4,86,0,0
Italian-Grid,68,64,0.4,87,0,0
Italian-Grid,68,64,0.4,88,0,0
Italian-Grid,68,64,0.4,89,0,0
Italian-Grid,68,64,0.4,90,0,0
Italian-Grid,68,64,0.4,91,0,0
Italian-Grid,68,64,0.4,92,0,0
Italian-Grid,68,64,0.4,93,0,0
Italian-Grid,68,64,0.4,94,0,0
Italian-Grid,68,64,0.4,95,0,0
Italian-Grid,68,64,0.4,96,0,0
Italian-Grid,68,64,0.4,97,0,0
Italian-Grid,68,64,0.4,98,0,0
Italian-Grid,68,64,0.4,99,0,0
Italian-Grid,68,64,0.4,100,0,0
Italian-Grid,68,64,0.4,101,0,0
Italian-Grid,68,64,0.4,102,0,0
Italian-Grid,68,64,0.4,103,0,0
Italian-Grid,68,64,0.4,104,0,0
Italian-Grid,68,64,0.4,105,0,0
Italian-Grid,68,64,0.4,106,0,0
Italian-Grid,68,64,0.4,107,0,0
Italian-Grid,68,64,0.4,108,0,0
Italian-Grid,68,64,0.4,109,0,0
Italian-Grid,68,64,0.4,110,0,0
Italian-Grid,68,64,0.4,111,0,0
Italian-Grid,68,64,0.4,112,0,0
Italian-Grid,68,64,0.4,113,0,0
Italian-Grid,68,64,0.4,114,0,0
Italian-Grid,68,64,0.4,115,0,0
Italian-Grid,68,64,0.4,116,0,0
Italian-Grid,68,64,0.4,117,0,0
Italian-Grid,68,64,0.4,118,0,0
Italian-Grid,68,64,0.4,119,0,0
Italian-Grid,68,64,0.4,120,0,0
Italian-Grid,68,64,0.4,121,0,0
Italian-Grid,68,64,0.4,122,0,0
Italian-Grid,68,64,0.4,123,0,0
Italian-Grid,68,64,0.4,124,0,0
Italian-Grid,68,64,0.4,125,0,0
Italian-Grid,68,64,0.4,126,0,0
Italian-Grid,68,64,0.5,1,85.2555,6.586570519
Italian-Grid,68,64,0.5,2,85.6085,14.35256862
Italian-Grid,68,64,0.5,3,73.238,20.02085846
Italian-Grid,68,64,0.5,4,61.7125,24.55127749
Italian-Grid,68,64,0.5,5,50.77,27.30096649
Italian-Grid,68,64,0.5,6,41.215,28.32180851
Italian-Grid,68,64,0.5,7,32.4515,27.63817255
Italian-Grid,68,64,0.5,8,25.404,26.54209912
Italian-Grid,68,64,0.5,9,19.5365,24.62553301
Italian-Grid,68,64,0.5,10,14.9445,22.41271033
Italian-Grid,68,64,0.5,11,11.248,20.01991245
Italian-Grid,68,64,0.5,12,8.3695,17.49285482
Italian-Grid,68,64,0.5,13,6.2195,15.2549886
Italian-Grid,68,64,0.5,14,4.568,13.22803335
Italian-Grid,68,64,0.5,15,3.326,11.14898533
Italian-Grid,68,64,0.5,16,2.4055,9.382434907
Italian-Grid,68,64,0.5,17,1.773,7.929054543
Italian-Grid,68,64,0.5,18,1.2745,6.450888057
Italian-Grid,68,64,0.5,19,0.869,5.141016828
Italian-Grid,68,64,0.5,20,0.622,4.303065673
Italian-Grid,68,64,0.5,21,0.437,3.526790343
Italian-Grid,68,64,0.5,22,0.3065,2.801514232
Italian-Grid,68,64,0.5,23,0.208,2.186121123
Italian-Grid,68,64,0.5,24,0.134,1.662957219
Italian-Grid,68,64,0.5,25,0.076,1.198725353
Italian-Grid,68,64,0.5,26,0.053,0.945324187
Italian-Grid,68,64,0.5,27,0.0335,0.691098082
Italian-Grid,68,64,0.5,28,0.023,0.608815512
Italian-Grid,68,64,0.5,29,0.0145,0.428230593
Italian-Grid,68,64,0.5,30,0.007,0.232331636
Italian-Grid,68,64,0.5,31,0.0045,0.201246118
Italian-Grid,68,64,0.5,32,0.0035,0.156524758
Italian-Grid,68,64,0.5,33,0.001,0.04472136
Italian-Grid,68,64,0.5,34,0,0
Italian-Grid,68,64,0.5,35,0,0
Italian-Grid,68,64,0.5,36,0,0
Italian-Grid,68,64,0.5,37,0,0
Italian-Grid,68,64,0.5,38,0,0
Italian-Grid,68,64,0.5,39,0,0
Italian-Grid,68,64,0.5,40,0,0
Italian-Grid,68,64,0.5,41,0,0
Italian-Grid,68,64,0.5,42,0,0
Italian-Grid,68,64,0.5,43,0,0
Italian-Grid,68,64,0.5,44,0,0
Italian-Grid,68,64,0.5,45,0,0
Italian-Grid,68,64,0.5,46,0,0
Italian-Grid,68,64,0.5,47,0,0
Italian-Grid,68,64,0.5,48,0,0
Italian-Grid,68,64,0.5,49,0,0
Italian-Grid,68,64,0.5,50,0,0
Italian-Grid,68,64,0.5,51,0,0
Italian-Grid,68,64,0.5,52,0,0
Italian-Grid,68,64,0.5,53,0,0
Italian-Grid,68,64,0.5,54,0,0
Italian-Grid,68,64,0.5,55,0,0
Italian-Grid,68,64,0.5,56,0,0
Italian-Grid,68,64,0.5,57,0,0
Italian-Grid,68,64,0.5,58,0,0
Italian-Grid,68,64,0.5,59,0,0
Italian-Grid,68,64,0.5,60,0,0
Italian-Grid,68,64,0.5,61,0,0
Italian-Grid,68,64,0.5,62,0,0
Italian-Grid,68,64,0.5,63,0,0
Italian-Grid,68,64,0.5,64,0,0
Italian-Grid,68,64,0.5,65,0,0
Italian-Grid,68,64,0.5,66,0,0
Italian-Grid,68,64,0.5,67,0,0
Italian-Grid,68,64,0.5,68,0,0
Italian-Grid,68,64,0.5,69,0,0
Italian-Grid,68,64,0.5,70,0,0
Italian-Grid,68,64,0.5,71,0,0
Italian-Grid,68,64,0.5,72,0,0
Italian-Grid,68,64,0.5,73,0,0
Italian-Grid,68,64,0.5,74,0,0
Italian-Grid,68,64,0.5,75,0,0
Italian-Grid,68,64,0.5,76,0,0
Italian-Grid,68,64,0.5,77,0,0
Italian-Grid,68,64,0.5,78,0,0
Italian-Grid,68,64,0.5,79,0,0
Italian-Grid,68,64,0.5,80,0,0
Italian-Grid,68,64,0.5,81,0,0
Italian-Grid,68,64,0.5,82,0,0
Italian-Grid,68,64,0.5,83,0,0
Italian-Grid,68,64,0.5,84,0,0
Italian-Grid,68,64,0.5,85,0,0
Italian-Grid,68,64,0.5,86,0,0
Italian-Grid,68,64,0.5,87,0,0
Italian-Grid,68,64,0.5,88,0,0
Italian-Grid,68,64,0.5,89,0,0
Italian-Grid,68,64,0.5,90,0,0
Italian-Grid,68,64,0.5,91,0,0
Italian-Grid,68,64,0.5,92,0,0
Italian-Grid,68,64,0.5,93,0,0
Italian-Grid,68,64,0.5,94,0,0
Italian-Grid,68,64,0.5,95,0,0
Italian-Grid,68,64,0.5,96,0,0
Italian-Grid,68,64,0.5,97,0,0
Italian-Grid,68,64,0.5,98,0,0
Italian-Grid,68,64,0.5,99,0,0
Italian-Grid,68,64,0.5,100,0,0
Italian-Grid,68,64,0.5,101,0,0
Italian-Grid,68,64,0.5,102,0,0
Italian-Grid,68,64,0.5,103,0,0
Italian-Grid,68,64,0.5,104,0,0
Italian-Grid,68,64,0.5,105,0,0
Italian-Grid,68,64,0.5,106,0,0
Italian-Grid,68,64,0.5,107,0,0
Italian-Grid,68,64,0.5,108,0,0
Italian-Grid,68,64,0.5,109,0,0
Italian-Grid,68,64,0.5,110,0,0
Italian-Grid,68,64,0.5,111,0,0
Italian-Grid,68,64,0.5,112,0,0
Italian-Grid,68,64,0.5,113,0,0
Italian-Grid,68,64,0.5,114,0,0
Italian-Grid,68,64,0.5,115,0,0
Italian-Grid,68,64,0.5,116,0,0
Italian-Grid,68,64,0.5,117,0,0
Italian-Grid,68,64,0.5,118,0,0
Italian-Grid,68,64,0.5,119,0,0
Italian-Grid,68,64,0.5,120,0,0
Italian-Grid,68,64,0.5,121,0,0
Italian-Grid,68,64,0.5,122,0,0
Italian-Grid,68,64,0.5,123,0,0
Italian-Grid,68,64,0.5,124,0,0
Italian-Grid,68,64,0.5,125,0,0
Italian-Grid,68,64,0.5,126,0,0
Italian-Grid,68,64,0.6,1,102.819,6.37428857
Italian-Grid,68,64,0.6,2,121.981,16.36971664
Italian-Grid,68,64,0.6,3,122.783,26.23623603
Italian-Grid,68,64,0.6,4,120.091,36.4820804
Italian-Grid,68,64,0.6,5,114.41,44.73526039
Italian-Grid,68,64,0.6,6,106.8905,51.26259295
Italian-Grid,68,64,0.6,7,95.616,54.85151674
Italian-Grid,68,64,0.6,8,84.5265,56.96107952
Italian-Grid,68,64,0.6,9,74.0095,57.70845296
Italian-Grid,68,64,0.6,10,64.162,56.8944307
Italian-Grid,68,64,0.6,11,54.646,54.75690681
Italian-Grid,68,64,0.6,12,45.801,51.7062585
Italian-Grid,68,64,0.6,13,37.9995,48.00768552
Italian-Grid,68,64,0.6,14,31.055,43.62459774
Italian-Grid,68,64,0.6,15,24.9825,38.63622099
Italian-Grid,68,64,0.6,16,19.838,33.97114622
Italian-Grid,68,64,0.6,17,15.497,29.34340656
Italian-Grid,68,64,0.6,18,11.9745,25.15100667
Italian-Grid,68,64,0.6,19,9.095,21.157216
Italian-Grid,68,64,0.6,20,6.897,17.93463734
Italian-Grid,68,64,0.6,21,5.1785,15.1982608
Italian-Grid,68,64,0.6,22,3.8455,12.7255884
Italian-Grid,68,64,0.6,23,2.846,10.56452027
Italian-Grid,68,64,0.6,24,2.0615,8.590786842
Italian-Grid,68,64,0.6,25,1.463,7.02333928
Italian-Grid,68,64,0.6,26,1.0055,5.688818074
Italian-Grid,68,64,0.6,27,0.686,4.598040342
Italian-Grid,68,64,0.6,28,0.469,3.643854805
Italian-Grid,68,64,0.6,29,0.3245,2.874253019
Italian-Grid,68,64,0.6,30,0.2055,2.127329903
Italian-Grid,68,64,0.6,31,0.1375,1.649531517
Italian-Grid,68,64,0.6,32,0.0925,1.33560311
Italian-Grid,68,64,0.6,33,0.0585,0.93461998
Italian-Grid,68,64,0.6,34,0.0345,0.59286212
Italian-Grid,68,64,0.6,35,0.0135,0.348394086
Italian-Grid,68,64,0.6,36,0.0085,0.265448642
Italian-Grid,68,64,0.6,37,0.005,0.184369184
Italian-Grid,68,64,0.6,38,0.0025,0.111803399
Italian-Grid,68,64,0.6,39,0.002,0.089442719
Italian-Grid,68,64,0.6,40,0.0015,0.067082039
Italian-Grid,68,64,0.6,41,0.001,0.04472136
Italian-Grid,68,64,0.6,42,5.00E-04,0.02236068
Italian-Grid,68,64,0.6,43,0,0
Italian-Grid,68,64,0.6,44,0,0
Italian-Grid,68,64,0.6,45,0,0
Italian-Grid,68,64,0.6,46,0,0
Italian-Grid,68,64,0.6,47,0,0
Italian-Grid,68,64,0.6,48,0,0
Italian-Grid,68,64,0.6,49,0,0
Italian-Grid,68,64,0.6,50,0,0
Italian-Grid,68,64,0.6,51,0,0
Italian-Grid,68,64,0.6,52,0,0
Italian-Grid,68,64,0.6,53,0,0
Italian-Grid,68,64,0.6,54,0,0
Italian-Grid,68,64,0.6,55,0,0
Italian-Grid,68,64,0.6,56,0,0
Italian-Grid,68,64,0.6,57,0,0
Italian-Grid,68,64,0.6,58,0,0
Italian-Grid,68,64,0.6,59,0,0
Italian-Grid,68,64,0.6,60,0,0
Italian-Grid,68,64,0.6,61,0,0
Italian-Grid,68,64,0.6,62,0,0
Italian-Grid,68,64,0.6,63,0,0
Italian-Grid,68,64,0.6,64,0,0
Italian-Grid,68,64,0.6,65,0,0
Italian-Grid,68,64,0.6,66,0,0
Italian-Grid,68,64,0.6,67,0,0
Italian-Grid,68,64,0.6,68,0,0
Italian-Grid,68,64,0.6,69,0,0
Italian-Grid,68,64,0.6,70,0,0
Italian-Grid,68,64,0.6,71,0,0
Italian-Grid,68,64,0.6,72,0,0
Italian-Grid,68,64,0.6,73,0,0
Italian-Grid,68,64,0.6,74,0,0
Italian-Grid,68,64,0.6,75,0,0
Italian-Grid,68,64,0.6,76,0,0
Italian-Grid,68,64,0.6,77,0,0
Italian-Grid,68,64,0.6,78,0,0
Italian-Grid,68,64,0.6,79,0,0
Italian-Grid,68,64,0.6,80,0,0
Italian-Grid,68,64,0.6,81,0,0
Italian-Grid,68,64,0.6,82,0,0
Italian-Grid,68,64,0.6,83,0,0
Italian-Grid,68,64,0.6,84,0,0
Italian-Grid,68,64,0.6,85,0,0
Italian-Grid,68,64,0.6,86,0,0
Italian-Grid,68,64,0.6,87,0,0
Italian-Grid,68,64,0.6,88,0,0
Italian-Grid,68,64,0.6,89,0,0
Italian-Grid,68,64,0.6,90,0,0
Italian-Grid,68,64,0.6,91,0,0
Italian-Grid,68,64,0.6,92,0,0
Italian-Grid,68,64,0.6,93,0,0
Italian-Grid,68,64,0.6,94,0,0
Italian-Grid,68,64,0.6,95,0,0
Italian-Grid,68,64,0.6,96,0,0
Italian-Grid,68,64,0.6,97,0,0
Italian-Grid,68,64,0.6,98,0,0
Italian-Grid,68,64,0.6,99,0,0
Italian-Grid,68,64,0.6,100,0,0
Italian-Grid,68,64,0.6,101,0,0
Italian-Grid,68,64,0.6,102,0,0
Italian-Grid,68,64,0.6,103,0,0
Italian-Grid,68,64,0.6,104,0,0
Italian-Grid,68,64,0.6,105,0,0
Italian-Grid,68,64,0.6,106,0,0
Italian-Grid,68,64,0.6,107,0,0
Italian-Grid,68,64,0.6,108,0,0
Italian-Grid,68,64,0.6,109,0,0
Italian-Grid,68,64,0.6,110,0,0
Italian-Grid,68,64,0.6,111,0,0
Italian-Grid,68,64,0.6,112,0,0
Italian-Grid,68,64,0.6,113,0,0
Italian-Grid,68,64,0.6,114,0,0
Italian-Grid,68,64,0.6,115,0,0
Italian-Grid,68,64,0.6,116,0,0
Italian-Grid,68,64,0.6,117,0,0
Italian-Grid,68,64,0.6,118,0,0
Italian-Grid,68,64,0.6,119,0,0
Italian-Grid,68,64,0.6,120,0,0
Italian-Grid,68,64,0.6,121,0,0
Italian-Grid,68,64,0.6,122,0,0
Italian-Grid,68,64,0.6,123,0,0
Italian-Grid,68,64,0.6,124,0,0
Italian-Grid,68,64,0.6,125,0,0
Italian-Grid,68,64,0.6,126,0,0
Italian-Grid,68,64,0.8,1,136.7995,5.293988374
Italian-Grid,68,64,0.8,2,207.4,16.47816024
Italian-Grid,68,64,0.8,3,261.4205,31.68827469
Italian-Grid,68,64,0.8,4,311.526,50.19057552
Italian-Grid,68,64,0.8,5,346.258,66.77404303
Italian-Grid,68,64,0.8,6,375.42,83.17450089
Italian-Grid,68,64,0.8,7,381.199,95.34530278
Italian-Grid,68,64,0.8,8,382.8805,105.5934714
Italian-Grid,68,64,0.8,9,380.0455,112.6714776
Italian-Grid,68,64,0.8,10,368.905,116.1564511
Italian-Grid,68,64,0.8,11,344.0035,113.8204816
Italian-Grid,68,64,0.8,12,310.5735,108.3501799
Italian-Grid,68,64,0.8,13,275.262,102.4252011
Italian-Grid,68,64,0.8,14,239.513,96.96651527
Italian-Grid,68,64,0.8,15,205.1615,91.22049664
Italian-Grid,68,64,0.8,16,172.695,84.88751923
Italian-Grid,68,64,0.8,17,144.2745,79.3263669
Italian-Grid,68,64,0.8,18,119.417,74.28143763
Italian-Grid,68,64,0.8,19,97.482,69.02527015
Italian-Grid,68,64,0.8,20,77.907,62.75559324
Italian-Grid,68,64,0.8,21,61.349,56.47366498
Italian-Grid,68,64,0.8,22,47.522,49.99748384
Italian-Grid,68,64,0.8,23,36.2695,43.4981369
Italian-Grid,68,64,0.8,24,27.1835,37.26584494
Italian-Grid,68,64,0.8,25,20.0775,31.59054408
Italian-Grid,68,64,0.8,26,14.584,26.41662096
Italian-Grid,68,64,0.8,27,10.4445,21.8018022
Italian-Grid,68,64,0.8,28,7.271,17.81421433
Italian-Grid,68,64,0.8,29,5.009,14.42598258
Italian-Grid,68,64,0.8,30,3.508,11.98589867
Italian-Grid,68,64,0.8,31,2.4315,9.882618116
Italian-Grid,68,64,0.8,32,1.7265,8.310248364
Italian-Grid,68,64,0.8,33,1.2055,6.753523139
Italian-Grid,68,64,0.8,34,0.8225,5.403572249
Italian-Grid,68,64,0.8,35,0.5655,4.319842621
Italian-Grid,68,64,0.8,36,0.3815,3.294295667
Italian-Grid,68,64,0.8,37,0.263,2.58924373
Italian-Grid,68,64,0.8,38,0.1765,2.015534405
Italian-Grid,68,64,0.8,39,0.124,1.644681273
Italian-Grid,68,64,0.8,40,0.078,1.186431545
Italian-Grid,68,64,0.8,41,0.047,0.883844778
Italian-Grid,68,64,0.8,42,0.025,0.606266261
Italian-Grid,68,64,0.8,43,0.014,0.45815822
Italian-Grid,68,64,0.8,44,0.0095,0.361213216
Italian-Grid,68,64,0.8,45,0.008,0.336143565
Italian-Grid,68,64,0.8,46,0.006,0.268328157
Italian-Grid,68,64,0.8,47,0.004,0.178885438
Italian-Grid,68,64,0.8,48,0.002,0.089442719
Italian-Grid,68,64,0.8,49,5.00E-04,0.02236068
Italian-Grid,68,64,0.8,50,0,0
Italian-Grid,68,64,0.8,51,0,0
Italian-Grid,68,64,0.8,52,0,0
Italian-Grid,68,64,0.8,53,0,0
Italian-Grid,68,64,0.8,54,0,0
Italian-Grid,68,64,0.8,55,0,0
Italian-Grid,68,64,0.8,56,0,0
Italian-Grid,68,64,0.8,57,0,0
Italian-Grid,68,64,0.8,58,0,0
Italian-Grid,68,64,0.8,59,0,0
Italian-Grid,68,64,0.8,60,0,0
Italian-Grid,68,64,0.8,61,0,0
Italian-Grid,68,64,0.8,62,0,0
Italian-Grid,68,64,0.8,63,0,0
Italian-Grid,68,64,0.8,64,0,0
Italian-Grid,68,64,0.8,65,0,0
Italian-Grid,68,64,0.8,66,0,0
Italian-Grid,68,64,0.8,67,0,0
Italian-Grid,68,64,0.8,68,0,0
Italian-Grid,68,64,0.8,69,0,0
Italian-Grid,68,64,0.8,70,0,0
Italian-Grid,68,64,0.8,71,0,0
Italian-Grid,68,64,0.8,72,0,0
Italian-Grid,68,64,0.8,73,0,0
Italian-Grid,68,64,0.8,74,0,0
Italian-Grid,68,64,0.8,75,0,0
Italian-Grid,68,64,0.8,76,0,0
Italian-Grid,68,64,0.8,77,0,0
Italian-Grid,68,64,0.8,78,0,0
Italian-Grid,68,64,0.8,79,0,0
Italian-Grid,68,64,0.8,80,0,0
Italian-Grid,68,64,0.8,81,0,0
Italian-Grid,68,64,0.8,82,0,0
Italian-Grid,68,64,0.8,83,0,0
Italian-Grid,68,64,0.8,84,0,0
Italian-Grid,68,64,0.8,85,0,0
Italian-Grid,68,64,0.8,86,0,0
Italian-Grid,68,64,0.8,87,0,0
Italian-Grid,68,64,0.8,88,0,0
Italian-Grid,68,64,0.8,89,0,0
Italian-Grid,68,64,0.8,90,0,0
Italian-Grid,68,64,0.8,91,0,0
Italian-Grid,68,64,0.8,92,0,0
Italian-Grid,68,64,0.8,93,0,0
Italian-Grid,68,64,0.8,94,0,0
Italian-Grid,68,64,0.8,95,0,0
Italian-Grid,68,64,0.8,96,0,0
Italian-Grid,68,64,0.8,97,0,0
Italian-Grid,68,64,0.8,98,0,0
Italian-Grid,68,64,0.8,99,0,0
Italian-Grid,68,64,0.8,100,0,0
Italian-Grid,68,64,0.8,101,0,0
Italian-Grid,68,64,0.8,102,0,0
Italian-Grid,68,64,0.8,103,0,0
Italian-Grid,68,64,0.8,104,0,0
Italian-Grid,68,64,0.8,105,0,0
Italian-Grid,68,64,0.8,106,0,0
Italian-Grid,68,64,0.8,107,0,0
Italian-Grid,68,64,0.8,108,0,0
Italian-Grid,68,64,0.8,109,0,0
Italian-Grid,68,64,0.8,110,0,0
Italian-Grid,68,64,0.8,111,0,0
Italian-Grid,68,64,0.8,112,0,0
Italian-Grid,68,64,0.8,113,0,0
Italian-Grid,68,64,0.8,114,0,0
Italian-Grid,68,64,0.8,115,0,0
Italian-Grid,68,64,0.8,116,0,0
Italian-Grid,68,64,0.8,117,0,0
Italian-Grid,68,64,0.8,118,0,0
Italian-Grid,68,64,0.8,119,0,0
Italian-Grid,68,64,0.8,120,0,0
Italian-Grid,68,64,0.8,121,0,0
Italian-Grid,68,64,0.8,122,0,0
Italian-Grid,68,64,0.8,123,0,0
Italian-Grid,68,64,0.8,124,0,0
Italian-Grid,68,64,0.8,125,0,0
Italian-Grid,68,64,0.8,126,0,0
Italian-Grid,68,64,0.95,1,162.513,2.922173943
Italian-Grid,68,64,0.95,2,282.9905,10.30657666
Italian-Grid,68,64,0.95,3,400.7655,21.8706578
Italian-Grid,68,64,0.95,4,516.056,35.11069986
Italian-Grid,68,64,0.95,5,589.5105,42.80380792
Italian-Grid,68,64,0.95,6,652.156,48.93099003
Italian-Grid,68,64,0.95,7,654.073,50.92164744
Italian-Grid,68,64,0.95,8,658.781,51.21855825
Italian-Grid,68,64,0.95,9,647.952,51.03381155
Italian-Grid,68,64,0.95,10,615.474,47.0605001
Italian-Grid,68,64,0.95,11,529.76,39.09755375
Italian-Grid,68,64,0.95,12,440.363,40.0759438
Italian-Grid,68,64,0.95,13,356.1725,44.16822568
Italian-Grid,68,64,0.95,14,292.725,44.16697563
Italian-Grid,68,64,0.95,15,237.363,40.93293275
Italian-Grid,68,64,0.95,16,176.363,43.11419311
Italian-Grid,68,64,0.95,17,129.0885,43.60891579
Italian-Grid,68,64,0.95,18,98.7105,39.56306747
Italian-Grid,68,64,0.95,19,72.472,34.85731964
Italian-Grid,68,64,0.95,20,55.5315,29.47733815
Italian-Grid,68,64,0.95,21,43.6625,24.89307989
Italian-Grid,68,64,0.95,22,33.1905,20.53170683
Italian-Grid,68,64,0.95,23,21.9065,16.00246222
Italian-Grid,68,64,0.95,24,12.1505,11.86660263
Italian-Grid,68,64,0.95,25,6.2455,9.089198893
Italian-Grid,68,64,0.95,26,3.06,6.687582663
Italian-Grid,68,64,0.95,27,1.4385,4.581016329
Italian-Grid,68,64,0.95,28,0.6685,3.084212044
Italian-Grid,68,64,0.95,29,0.362,2.299043018
Italian-Grid,68,64,0.95,30,0.193,1.575116344
Italian-Grid,68,64,0.95,31,0.1035,0.989078808
Italian-Grid,68,64,0.95,32,0.0425,0.509729008
Italian-Grid,68,64,0.95,33,0.016,0.266043962
Italian-Grid,68,64,0.95,34,0.0055,0.120320358
Italian-Grid,68,64,0.95,35,0.0015,0.049989994
Italian-Grid,68,64,0.95,36,5.00E-04,0.02236068
Italian-Grid,68,64,0.95,37,0,0
Italian-Grid,68,64,0.95,38,0,0
Italian-Grid,68,64,0.95,39,0,0
Italian-Grid,68,64,0.95,40,0,0
Italian-Grid,68,64,0.95,41,0,0
Italian-Grid,68,64,0.95,42,0,0
Italian-Grid,68,64,0.95,43,0,0
Italian-Grid,68,64,0.95,44,0,0
Italian-Grid,68,64,0.95,45,0,0
Italian-Grid,68,64,0.95,46,0,0
Italian-Grid,68,64,0.95,47,0,0
Italian-Grid,68,64,0.95,48,0,0
Italian-Grid,68,64,0.95,49,0,0
Italian-Grid,68,64,0.95,50,0,0
Italian-Grid,68,64,0.95,51,0,0
Italian-Grid,68,64,0.95,52,0,0
Italian-Grid,68,64,0.95,53,0,0
Italian-Grid,68,64,0.95,54,0,0
Italian-Grid,68,64,0.95,55,0,0
Italian-Grid,68,64,0.95,56,0,0
Italian-Grid,68,64,0.95,57,0,0
Italian-Grid,68,64,0.95,58,0,0
Italian-Grid,68,64,0.95,59,0,0
Italian-Grid,68,64,0.95,60,0,0
Italian-Grid,68,64,0.95,61,0,0
Italian-Grid,68,64,0.95,62,0,0
Italian-Grid,68,64,0.95,63,0,0
Italian-Grid,68,64,0.95,64,0,0
Italian-Grid,68,64,0.95,65,0,0
Italian-Grid,68,64,0.95,66,0,0
Italian-Grid,68,64,0.95,67,0,0
Italian-Grid,68,64,0.95,68,0,0
Italian-Grid,68,64,0.95,69,0,0
Italian-Grid,68,64,0.95,70,0,0
Italian-Grid,68,64,0.95,71,0,0
Italian-Grid,68,64,0.95,72,0,0
Italian-Grid,68,64,0.95,73,0,0
Italian-Grid,68,64,0.95,74,0,0
Italian-Grid,68,64,0.95,75,0,0
Italian-Grid,68,64,0.95,76,0,0
Italian-Grid,68,64,0.95,77,0,0
Italian-Grid,68,64,0.95,78,0,0
Italian-Grid,68,64,0.95,79,0,0
Italian-Grid,68,64,0.95,80,0,0
Italian-Grid,68,64,0.95,81,0,0
Italian-Grid,68,64,0.95,82,0,0
Italian-Grid,68,64,0.95,83,0,0
Italian-Grid,68,64,0.95,84,0,0
Italian-Grid,68,64,0.95,85,0,0
Italian-Grid,68,64,0.95,86,0,0
Italian-Grid,68,64,0.95,87,0,0
Italian-Grid,68,64,0.95,88,0,0
Italian-Grid,68,64,0.95,89,0,0
Italian-Grid,68,64,0.95,90,0,0
Italian-Grid,68,64,0.95,91,0,0
Italian-Grid,68,64,0.95,92,0,0
Italian-Grid,68,64,0.95,93,0,0
Italian-Grid,68,64,0.95,94,0,0
Italian-Grid,68,64,0.95,95,0,0
Italian-Grid,68,64,0.95,96,0,0
Italian-Grid,68,64,0.95,97,0,0
Italian-Grid,68,64,0.95,98,0,0
Italian-Grid,68,64,0.95,99,0,0
Italian-Grid,68,64,0.95,100,0,0
Italian-Grid,68,64,0.95,101,0,0
Italian-Grid,68,64,0.95,102,0,0
Italian-Grid,68,64,0.95,103,0,0
Italian-Grid,68,64,0.95,104,0,0
Italian-Grid,68,64,0.95,105,0,0
Italian-Grid,68,64,0.95,106,0,0
Italian-Grid,68,64,0.95,107,0,0
Italian-Grid,68,64,0.95,108,0,0
Italian-Grid,68,64,0.95,109,0,0
Italian-Grid,68,64,0.95,110,0,0
Italian-Grid,68,64,0.95,111,0,0
Italian-Grid,68,64,0.95,112,0,0
Italian-Grid,68,64,0.95,113,0,0
Italian-Grid,68,64,0.95,114,0,0
Italian-Grid,68,64,0.95,115,0,0
Italian-Grid,68,64,0.95,116,0,0
Italian-Grid,68,64,0.95,117,0,0
Italian-Grid,68,64,0.95,118,0,0
Italian-Grid,68,64,0.95,119,0,0
Italian-Grid,68,64,0.95,120,0,0
Italian-Grid,68,64,0.95,121,0,0
Italian-Grid,68,64,0.95,122,0,0
Italian-Grid,68,64,0.95,123,0,0
Italian-Grid,68,64,0.95,124,0,0
Italian-Grid,68,64,0.95,125,0,0
Italian-Grid,68,64,0.95,126,0,0
